BFS_NR_GEMEINDE;GEMEINDE_NAME;BEZIRK_NR;BEZIRK_NAME;JAHR;ANZAHL_PERSONEN
4461;Amriswil;2011;Bezirk Arbon;2024;14825
4406;Dozwil;2011;Bezirk Arbon;2024;725
4451;Uttwil;2011;Bezirk Arbon;2024;1909
4801;Berlingen;2012;Bezirk Frauenfeld;2024;955
4811;Herdern;2012;Bezirk Frauenfeld;2024;1162
4590;Hüttlingen;2012;Bezirk Frauenfeld;2024;903
4821;Hüttwilen;2012;Bezirk Frauenfeld;2024;1758
4826;Mammern;2012;Bezirk Frauenfeld;2024;696
4591;Matzingen;2012;Bezirk Frauenfeld;2024;3130
4841;Pfyn;2012;Bezirk Frauenfeld;2024;2246
4864;Steckborn;2012;Bezirk Frauenfeld;2024;4021
4606;Stettfurt;2012;Bezirk Frauenfeld;2024;1276
4616;Uesslingen-Buch;2012;Bezirk Frauenfeld;2024;1138
4621;Warth-Weiningen;2012;Bezirk Frauenfeld;2024;1470
4641;Altnau;2013;Bezirk Kreuzlingen;2024;2338
4671;Kreuzlingen;2013;Bezirk Kreuzlingen;2024;23218
4716;Bettwiesen;2014;Bezirk Münchwilen;2024;1330
4761;Sirnach;2014;Bezirk Münchwilen;2024;8127
4776;Tobel-Tägerschen;2014;Bezirk Münchwilen;2024;1714
4781;Wängi;2014;Bezirk Münchwilen;2024;5021
4711;Affeltrangen;2015;Bezirk Weinfelden;2024;2865
4891;Berg;2015;Bezirk Weinfelden;2024;3557
4471;Bischofszell;2015;Bezirk Weinfelden;2024;6365
4921;Bussnang;2015;Bezirk Weinfelden;2024;2592
4911;Bürglen;2015;Bezirk Weinfelden;2024;4141
4426;Kesswil;2011;Bezirk Arbon;2024;1000
4436;Romanshorn;2011;Bezirk Arbon;2024;11775
4441;Salmsach;2011;Bezirk Arbon;2024;1621
4561;Felben-Wellhausen;2012;Bezirk Frauenfeld;2024;3213
4571;Gachnang;2012;Bezirk Frauenfeld;2024;4595
4816;Homburg;2012;Bezirk Frauenfeld;2024;1571
4831;Müllheim;2012;Bezirk Frauenfeld;2024;3315
4601;Neunforn;2012;Bezirk Frauenfeld;2024;1104
4611;Thundorf;2012;Bezirk Frauenfeld;2024;1729
4871;Wagenhausen;2012;Bezirk Frauenfeld;2024;1833
4643;Bottighofen;2013;Bezirk Kreuzlingen;2024;2689
4646;Ermatingen;2013;Bezirk Kreuzlingen;2024;3764
4666;Kemmental;2013;Bezirk Kreuzlingen;2024;2807
4681;Langrickenbach;2013;Bezirk Kreuzlingen;2024;1500
4691;Münsterlingen;2013;Bezirk Kreuzlingen;2024;3631
4701;Wäldi;2013;Bezirk Kreuzlingen;2024;1155
4551;Aadorf;2014;Bezirk Münchwilen;2024;9737
4723;Braunau;2014;Bezirk Münchwilen;2024;897
4726;Fischingen;2014;Bezirk Münchwilen;2024;2995
4786;Wilen;2014;Bezirk Münchwilen;2024;2477
4476;Erlen;2015;Bezirk Weinfelden;2024;3944
4486;Hauptwil-Gottshaus;2015;Bezirk Weinfelden;2024;2082
4941;Märstetten;2015;Bezirk Weinfelden;2024;2981
4756;Schönholzerswilen;2015;Bezirk Weinfelden;2024;867
4946;Weinfelden;2015;Bezirk Weinfelden;2024;12393
4401;Arbon;2011;Bezirk Arbon;2024;16207
4411;Egnach;2011;Bezirk Arbon;2024;5134
4416;Hefenhofen;2011;Bezirk Arbon;2024;1304
4421;Horn;2011;Bezirk Arbon;2024;3148
4431;Roggwil;2011;Bezirk Arbon;2024;3415
4446;Sommeri;2011;Bezirk Arbon;2024;669
4536;Basadingen-Schlattingen;2012;Bezirk Frauenfeld;2024;1883
4545;Diessenhofen;2012;Bezirk Frauenfeld;2024;4103
4806;Eschenz;2012;Bezirk Frauenfeld;2024;1914
4566;Frauenfeld;2012;Bezirk Frauenfeld;2024;26773
4546;Schlatt;2012;Bezirk Frauenfeld;2024;1872
4651;Gottlieben;2013;Bezirk Kreuzlingen;2024;343
4656;Güttingen;2013;Bezirk Kreuzlingen;2024;1775
4683;Lengwil;2013;Bezirk Kreuzlingen;2024;1786
4846;Raperswilen;2013;Bezirk Kreuzlingen;2024;422
4851;Salenstein;2013;Bezirk Kreuzlingen;2024;1447
4696;Tägerwilen;2013;Bezirk Kreuzlingen;2024;5414
4721;Bichelsee-Balterswil;2014;Bezirk Münchwilen;2024;3013
4724;Eschlikon;2014;Bezirk Münchwilen;2024;4869
4741;Lommis;2014;Bezirk Münchwilen;2024;1316
4746;Münchwilen;2014;Bezirk Münchwilen;2024;5935
4751;Rickenbach;2014;Bezirk Münchwilen;2024;3040
4881;Amlikon-Bissegg;2015;Bezirk Weinfelden;2024;1399
4901;Birwinken;2015;Bezirk Weinfelden;2024;1420
4495;Hohentannen;2015;Bezirk Weinfelden;2024;653
4501;Kradolf-Schönenberg;2015;Bezirk Weinfelden;2024;3868
4506;Sulgen;2015;Bezirk Weinfelden;2024;4118
4951;Wigoltingen;2015;Bezirk Weinfelden;2024;2621
4791;Wuppenau;2015;Bezirk Weinfelden;2024;1203
4511;Zihlschlacht-Sitterdorf;2015;Bezirk Weinfelden;2024;2590
4416;Hefenhofen;2011;Bezirk Arbon;2023;1274
4446;Sommeri;2011;Bezirk Arbon;2023;666
4451;Uttwil;2011;Bezirk Arbon;2023;1906
4561;Felben-Wellhausen;2012;Bezirk Frauenfeld;2023;3172
4571;Gachnang;2012;Bezirk Frauenfeld;2023;4585
4826;Mammern;2012;Bezirk Frauenfeld;2023;686
4864;Steckborn;2012;Bezirk Frauenfeld;2023;4002
4606;Stettfurt;2012;Bezirk Frauenfeld;2023;1250
4871;Wagenhausen;2012;Bezirk Frauenfeld;2023;1817
4621;Warth-Weiningen;2012;Bezirk Frauenfeld;2023;1441
4551;Aadorf;2014;Bezirk Münchwilen;2023;9437
4781;Wängi;2014;Bezirk Münchwilen;2023;4932
4891;Berg;2015;Bezirk Weinfelden;2023;3529
4901;Birwinken;2015;Bezirk Weinfelden;2023;1392
4911;Bürglen;2015;Bezirk Weinfelden;2023;4129
4486;Hauptwil-Gottshaus;2015;Bezirk Weinfelden;2023;2069
4495;Hohentannen;2015;Bezirk Weinfelden;2023;663
4501;Kradolf-Schönenberg;2015;Bezirk Weinfelden;2023;3844
4941;Märstetten;2015;Bezirk Weinfelden;2023;2935
4461;Amriswil;2011;Bezirk Arbon;2023;14546
4401;Arbon;2011;Bezirk Arbon;2023;15708
4411;Egnach;2011;Bezirk Arbon;2023;4985
4421;Horn;2011;Bezirk Arbon;2023;3119
4436;Romanshorn;2011;Bezirk Arbon;2023;11587
4441;Salmsach;2011;Bezirk Arbon;2023;1578
4801;Berlingen;2012;Bezirk Frauenfeld;2023;948
4545;Diessenhofen;2012;Bezirk Frauenfeld;2023;4105
4806;Eschenz;2012;Bezirk Frauenfeld;2023;1893
4566;Frauenfeld;2012;Bezirk Frauenfeld;2023;26461
4590;Hüttlingen;2012;Bezirk Frauenfeld;2023;874
4821;Hüttwilen;2012;Bezirk Frauenfeld;2023;1746
4831;Müllheim;2012;Bezirk Frauenfeld;2023;3281
4601;Neunforn;2012;Bezirk Frauenfeld;2023;1111
4841;Pfyn;2012;Bezirk Frauenfeld;2023;2247
4546;Schlatt;2012;Bezirk Frauenfeld;2023;1876
4616;Uesslingen-Buch;2012;Bezirk Frauenfeld;2023;1123
4641;Altnau;2013;Bezirk Kreuzlingen;2023;2348
4643;Bottighofen;2013;Bezirk Kreuzlingen;2023;2681
4671;Kreuzlingen;2013;Bezirk Kreuzlingen;2023;23074
4683;Lengwil;2013;Bezirk Kreuzlingen;2023;1772
4691;Münsterlingen;2013;Bezirk Kreuzlingen;2023;3553
4846;Raperswilen;2013;Bezirk Kreuzlingen;2023;421
4696;Tägerwilen;2013;Bezirk Kreuzlingen;2023;5311
4716;Bettwiesen;2014;Bezirk Münchwilen;2023;1319
4721;Bichelsee-Balterswil;2014;Bezirk Münchwilen;2023;3022
4726;Fischingen;2014;Bezirk Münchwilen;2023;2951
4746;Münchwilen;2014;Bezirk Münchwilen;2023;5874
4751;Rickenbach;2014;Bezirk Münchwilen;2023;3052
4881;Amlikon-Bissegg;2015;Bezirk Weinfelden;2023;1369
4476;Erlen;2015;Bezirk Weinfelden;2023;3919
4756;Schönholzerswilen;2015;Bezirk Weinfelden;2023;889
4946;Weinfelden;2015;Bezirk Weinfelden;2023;12142
4951;Wigoltingen;2015;Bezirk Weinfelden;2023;2642
4406;Dozwil;2011;Bezirk Arbon;2023;723
4426;Kesswil;2011;Bezirk Arbon;2023;995
4431;Roggwil;2011;Bezirk Arbon;2023;3375
4536;Basadingen-Schlattingen;2012;Bezirk Frauenfeld;2023;1832
4811;Herdern;2012;Bezirk Frauenfeld;2023;1150
4816;Homburg;2012;Bezirk Frauenfeld;2023;1567
4591;Matzingen;2012;Bezirk Frauenfeld;2023;3096
4611;Thundorf;2012;Bezirk Frauenfeld;2023;1664
4646;Ermatingen;2013;Bezirk Kreuzlingen;2023;3745
4651;Gottlieben;2013;Bezirk Kreuzlingen;2023;337
4656;Güttingen;2013;Bezirk Kreuzlingen;2023;1703
4666;Kemmental;2013;Bezirk Kreuzlingen;2023;2774
4681;Langrickenbach;2013;Bezirk Kreuzlingen;2023;1476
4851;Salenstein;2013;Bezirk Kreuzlingen;2023;1453
4701;Wäldi;2013;Bezirk Kreuzlingen;2023;1150
4723;Braunau;2014;Bezirk Münchwilen;2023;858
4724;Eschlikon;2014;Bezirk Münchwilen;2023;4864
4741;Lommis;2014;Bezirk Münchwilen;2023;1267
4761;Sirnach;2014;Bezirk Münchwilen;2023;8069
4776;Tobel-Tägerschen;2014;Bezirk Münchwilen;2023;1637
4786;Wilen;2014;Bezirk Münchwilen;2023;2501
4711;Affeltrangen;2015;Bezirk Weinfelden;2023;2824
4471;Bischofszell;2015;Bezirk Weinfelden;2023;6255
4921;Bussnang;2015;Bezirk Weinfelden;2023;2568
4506;Sulgen;2015;Bezirk Weinfelden;2023;4036
4791;Wuppenau;2015;Bezirk Weinfelden;2023;1190
4511;Zihlschlacht-Sitterdorf;2015;Bezirk Weinfelden;2023;2586
4461;Amriswil;2011;Bezirk Arbon;2022;14273
4401;Arbon;2011;Bezirk Arbon;2022;15413
4441;Salmsach;2011;Bezirk Arbon;2022;1562
4446;Sommeri;2011;Bezirk Arbon;2022;649
4451;Uttwil;2011;Bezirk Arbon;2022;1911
4801;Berlingen;2012;Bezirk Frauenfeld;2022;928
4566;Frauenfeld;2012;Bezirk Frauenfeld;2022;25990
4811;Herdern;2012;Bezirk Frauenfeld;2022;1126
4816;Homburg;2012;Bezirk Frauenfeld;2022;1574
4831;Müllheim;2012;Bezirk Frauenfeld;2022;3206
4864;Steckborn;2012;Bezirk Frauenfeld;2022;3989
4606;Stettfurt;2012;Bezirk Frauenfeld;2022;1237
4621;Warth-Weiningen;2012;Bezirk Frauenfeld;2022;1401
4641;Altnau;2013;Bezirk Kreuzlingen;2022;2347
4646;Ermatingen;2013;Bezirk Kreuzlingen;2022;3764
4681;Langrickenbach;2013;Bezirk Kreuzlingen;2022;1441
4751;Rickenbach;2014;Bezirk Münchwilen;2022;2994
4761;Sirnach;2014;Bezirk Münchwilen;2022;7949
4781;Wängi;2014;Bezirk Münchwilen;2022;4807
4881;Amlikon-Bissegg;2015;Bezirk Weinfelden;2022;1371
4471;Bischofszell;2015;Bezirk Weinfelden;2022;6055
4486;Hauptwil-Gottshaus;2015;Bezirk Weinfelden;2022;2027
4501;Kradolf-Schönenberg;2015;Bezirk Weinfelden;2022;3659
4941;Märstetten;2015;Bezirk Weinfelden;2022;2912
4946;Weinfelden;2015;Bezirk Weinfelden;2022;11848
4511;Zihlschlacht-Sitterdorf;2015;Bezirk Weinfelden;2022;2527
4406;Dozwil;2011;Bezirk Arbon;2022;713
4416;Hefenhofen;2011;Bezirk Arbon;2022;1294
4426;Kesswil;2011;Bezirk Arbon;2022;1007
4436;Romanshorn;2011;Bezirk Arbon;2022;11491
4536;Basadingen-Schlattingen;2012;Bezirk Frauenfeld;2022;1845
4806;Eschenz;2012;Bezirk Frauenfeld;2022;1885
4561;Felben-Wellhausen;2012;Bezirk Frauenfeld;2022;3191
4590;Hüttlingen;2012;Bezirk Frauenfeld;2022;849
4821;Hüttwilen;2012;Bezirk Frauenfeld;2022;1763
4601;Neunforn;2012;Bezirk Frauenfeld;2022;1082
4871;Wagenhausen;2012;Bezirk Frauenfeld;2022;1780
4651;Gottlieben;2013;Bezirk Kreuzlingen;2022;343
4656;Güttingen;2013;Bezirk Kreuzlingen;2022;1708
4666;Kemmental;2013;Bezirk Kreuzlingen;2022;2722
4701;Wäldi;2013;Bezirk Kreuzlingen;2022;1119
4551;Aadorf;2014;Bezirk Münchwilen;2022;9402
4716;Bettwiesen;2014;Bezirk Münchwilen;2022;1273
4721;Bichelsee-Balterswil;2014;Bezirk Münchwilen;2022;2995
4723;Braunau;2014;Bezirk Münchwilen;2022;855
4724;Eschlikon;2014;Bezirk Münchwilen;2022;4829
4746;Münchwilen;2014;Bezirk Münchwilen;2022;5823
4776;Tobel-Tägerschen;2014;Bezirk Münchwilen;2022;1618
4786;Wilen;2014;Bezirk Münchwilen;2022;2499
4891;Berg;2015;Bezirk Weinfelden;2022;3523
4911;Bürglen;2015;Bezirk Weinfelden;2022;4059
4756;Schönholzerswilen;2015;Bezirk Weinfelden;2022;883
4506;Sulgen;2015;Bezirk Weinfelden;2022;4046
4411;Egnach;2011;Bezirk Arbon;2022;4888
4421;Horn;2011;Bezirk Arbon;2022;2900
4431;Roggwil;2011;Bezirk Arbon;2022;3350
4545;Diessenhofen;2012;Bezirk Frauenfeld;2022;4101
4571;Gachnang;2012;Bezirk Frauenfeld;2022;4554
4826;Mammern;2012;Bezirk Frauenfeld;2022;691
4591;Matzingen;2012;Bezirk Frauenfeld;2022;3102
4841;Pfyn;2012;Bezirk Frauenfeld;2022;2201
4546;Schlatt;2012;Bezirk Frauenfeld;2022;1853
4611;Thundorf;2012;Bezirk Frauenfeld;2022;1594
4616;Uesslingen-Buch;2012;Bezirk Frauenfeld;2022;1116
4643;Bottighofen;2013;Bezirk Kreuzlingen;2022;2694
4671;Kreuzlingen;2013;Bezirk Kreuzlingen;2022;22774
4683;Lengwil;2013;Bezirk Kreuzlingen;2022;1754
4691;Münsterlingen;2013;Bezirk Kreuzlingen;2022;3511
4846;Raperswilen;2013;Bezirk Kreuzlingen;2022;435
4851;Salenstein;2013;Bezirk Kreuzlingen;2022;1432
4696;Tägerwilen;2013;Bezirk Kreuzlingen;2022;5148
4726;Fischingen;2014;Bezirk Münchwilen;2022;2925
4741;Lommis;2014;Bezirk Münchwilen;2022;1250
4711;Affeltrangen;2015;Bezirk Weinfelden;2022;2781
4901;Birwinken;2015;Bezirk Weinfelden;2022;1378
4921;Bussnang;2015;Bezirk Weinfelden;2022;2537
4476;Erlen;2015;Bezirk Weinfelden;2022;3883
4495;Hohentannen;2015;Bezirk Weinfelden;2022;659
4951;Wigoltingen;2015;Bezirk Weinfelden;2022;2594
4791;Wuppenau;2015;Bezirk Weinfelden;2022;1184
4406;Dozwil;2011;Bezirk Arbon;2021;685
4416;Hefenhofen;2011;Bezirk Arbon;2021;1321
4566;Frauenfeld;2012;Bezirk Frauenfeld;2021;25816
4590;Hüttlingen;2012;Bezirk Frauenfeld;2021;833
4821;Hüttwilen;2012;Bezirk Frauenfeld;2021;1726
4591;Matzingen;2012;Bezirk Frauenfeld;2021;3027
4831;Müllheim;2012;Bezirk Frauenfeld;2021;3173
4601;Neunforn;2012;Bezirk Frauenfeld;2021;1066
4864;Steckborn;2012;Bezirk Frauenfeld;2021;3915
4616;Uesslingen-Buch;2012;Bezirk Frauenfeld;2021;1105
4871;Wagenhausen;2012;Bezirk Frauenfeld;2021;1771
4621;Warth-Weiningen;2012;Bezirk Frauenfeld;2021;1372
4641;Altnau;2013;Bezirk Kreuzlingen;2021;2318
4656;Güttingen;2013;Bezirk Kreuzlingen;2021;1688
4666;Kemmental;2013;Bezirk Kreuzlingen;2021;2624
4671;Kreuzlingen;2013;Bezirk Kreuzlingen;2021;22528
4846;Raperswilen;2013;Bezirk Kreuzlingen;2021;418
4701;Wäldi;2013;Bezirk Kreuzlingen;2021;1071
4721;Bichelsee-Balterswil;2014;Bezirk Münchwilen;2021;3012
4723;Braunau;2014;Bezirk Münchwilen;2021;810
4746;Münchwilen;2014;Bezirk Münchwilen;2021;5826
4776;Tobel-Tägerschen;2014;Bezirk Münchwilen;2021;1570
4711;Affeltrangen;2015;Bezirk Weinfelden;2021;2683
4881;Amlikon-Bissegg;2015;Bezirk Weinfelden;2021;1350
4901;Birwinken;2015;Bezirk Weinfelden;2021;1330
4495;Hohentannen;2015;Bezirk Weinfelden;2021;652
4946;Weinfelden;2015;Bezirk Weinfelden;2021;11643
4791;Wuppenau;2015;Bezirk Weinfelden;2021;1177
4401;Arbon;2011;Bezirk Arbon;2021;15123
4411;Egnach;2011;Bezirk Arbon;2021;4802
4441;Salmsach;2011;Bezirk Arbon;2021;1491
4446;Sommeri;2011;Bezirk Arbon;2021;630
4451;Uttwil;2011;Bezirk Arbon;2021;1933
4545;Diessenhofen;2012;Bezirk Frauenfeld;2021;4098
4806;Eschenz;2012;Bezirk Frauenfeld;2021;1889
4561;Felben-Wellhausen;2012;Bezirk Frauenfeld;2021;2963
4811;Herdern;2012;Bezirk Frauenfeld;2021;1105
4826;Mammern;2012;Bezirk Frauenfeld;2021;686
4683;Lengwil;2013;Bezirk Kreuzlingen;2021;1721
4691;Münsterlingen;2013;Bezirk Kreuzlingen;2021;3498
4851;Salenstein;2013;Bezirk Kreuzlingen;2021;1422
4716;Bettwiesen;2014;Bezirk Münchwilen;2021;1250
4751;Rickenbach;2014;Bezirk Münchwilen;2021;2898
4786;Wilen;2014;Bezirk Münchwilen;2021;2483
4781;Wängi;2014;Bezirk Münchwilen;2021;4773
4471;Bischofszell;2015;Bezirk Weinfelden;2021;5954
4921;Bussnang;2015;Bezirk Weinfelden;2021;2533
4911;Bürglen;2015;Bezirk Weinfelden;2021;3979
4486;Hauptwil-Gottshaus;2015;Bezirk Weinfelden;2021;2032
4756;Schönholzerswilen;2015;Bezirk Weinfelden;2021;849
4506;Sulgen;2015;Bezirk Weinfelden;2021;4014
4461;Amriswil;2011;Bezirk Arbon;2021;14223
4421;Horn;2011;Bezirk Arbon;2021;2882
4426;Kesswil;2011;Bezirk Arbon;2021;994
4431;Roggwil;2011;Bezirk Arbon;2021;3301
4436;Romanshorn;2011;Bezirk Arbon;2021;11446
4536;Basadingen-Schlattingen;2012;Bezirk Frauenfeld;2021;1835
4801;Berlingen;2012;Bezirk Frauenfeld;2021;926
4571;Gachnang;2012;Bezirk Frauenfeld;2021;4507
4816;Homburg;2012;Bezirk Frauenfeld;2021;1552
4841;Pfyn;2012;Bezirk Frauenfeld;2021;2206
4546;Schlatt;2012;Bezirk Frauenfeld;2021;1818
4606;Stettfurt;2012;Bezirk Frauenfeld;2021;1236
4611;Thundorf;2012;Bezirk Frauenfeld;2021;1548
4643;Bottighofen;2013;Bezirk Kreuzlingen;2021;2592
4646;Ermatingen;2013;Bezirk Kreuzlingen;2021;3728
4651;Gottlieben;2013;Bezirk Kreuzlingen;2021;335
4681;Langrickenbach;2013;Bezirk Kreuzlingen;2021;1383
4696;Tägerwilen;2013;Bezirk Kreuzlingen;2021;5054
4551;Aadorf;2014;Bezirk Münchwilen;2021;9343
4724;Eschlikon;2014;Bezirk Münchwilen;2021;4729
4726;Fischingen;2014;Bezirk Münchwilen;2021;2859
4741;Lommis;2014;Bezirk Münchwilen;2021;1258
4761;Sirnach;2014;Bezirk Münchwilen;2021;7923
4891;Berg;2015;Bezirk Weinfelden;2021;3439
4476;Erlen;2015;Bezirk Weinfelden;2021;3838
4501;Kradolf-Schönenberg;2015;Bezirk Weinfelden;2021;3646
4941;Märstetten;2015;Bezirk Weinfelden;2021;2891
4951;Wigoltingen;2015;Bezirk Weinfelden;2021;2611
4511;Zihlschlacht-Sitterdorf;2015;Bezirk Weinfelden;2021;2473
4406;Dozwil;2011;Bezirk Arbon;2020;683
4421;Horn;2011;Bezirk Arbon;2020;2883
4426;Kesswil;2011;Bezirk Arbon;2020;997
4431;Roggwil;2011;Bezirk Arbon;2020;3253
4451;Uttwil;2011;Bezirk Arbon;2020;1917
4545;Diessenhofen;2012;Bezirk Frauenfeld;2020;4091
4566;Frauenfeld;2012;Bezirk Frauenfeld;2020;25810
4590;Hüttlingen;2012;Bezirk Frauenfeld;2020;825
4826;Mammern;2012;Bezirk Frauenfeld;2020;677
4841;Pfyn;2012;Bezirk Frauenfeld;2020;2094
4616;Uesslingen-Buch;2012;Bezirk Frauenfeld;2020;1090
4871;Wagenhausen;2012;Bezirk Frauenfeld;2020;1765
4641;Altnau;2013;Bezirk Kreuzlingen;2020;2336
4646;Ermatingen;2013;Bezirk Kreuzlingen;2020;3638
4656;Güttingen;2013;Bezirk Kreuzlingen;2020;1663
4666;Kemmental;2013;Bezirk Kreuzlingen;2020;2592
4681;Langrickenbach;2013;Bezirk Kreuzlingen;2020;1338
4691;Münsterlingen;2013;Bezirk Kreuzlingen;2020;3492
4741;Lommis;2014;Bezirk Münchwilen;2020;1237
4751;Rickenbach;2014;Bezirk Münchwilen;2020;2823
4786;Wilen;2014;Bezirk Münchwilen;2020;2518
4781;Wängi;2014;Bezirk Münchwilen;2020;4740
4891;Berg;2015;Bezirk Weinfelden;2020;3420
4911;Bürglen;2015;Bezirk Weinfelden;2020;3946
4476;Erlen;2015;Bezirk Weinfelden;2020;3794
4501;Kradolf-Schönenberg;2015;Bezirk Weinfelden;2020;3653
4946;Weinfelden;2015;Bezirk Weinfelden;2020;11588
4461;Amriswil;2011;Bezirk Arbon;2020;14157
4401;Arbon;2011;Bezirk Arbon;2020;14872
4411;Egnach;2011;Bezirk Arbon;2020;4773
4436;Romanshorn;2011;Bezirk Arbon;2020;11296
4441;Salmsach;2011;Bezirk Arbon;2020;1470
4801;Berlingen;2012;Bezirk Frauenfeld;2020;907
4806;Eschenz;2012;Bezirk Frauenfeld;2020;1862
4811;Herdern;2012;Bezirk Frauenfeld;2020;1114
4816;Homburg;2012;Bezirk Frauenfeld;2020;1544
4821;Hüttwilen;2012;Bezirk Frauenfeld;2020;1763
4591;Matzingen;2012;Bezirk Frauenfeld;2020;3019
4831;Müllheim;2012;Bezirk Frauenfeld;2020;2994
4601;Neunforn;2012;Bezirk Frauenfeld;2020;1080
4611;Thundorf;2012;Bezirk Frauenfeld;2020;1512
4621;Warth-Weiningen;2012;Bezirk Frauenfeld;2020;1363
4651;Gottlieben;2013;Bezirk Kreuzlingen;2020;334
4683;Lengwil;2013;Bezirk Kreuzlingen;2020;1723
4846;Raperswilen;2013;Bezirk Kreuzlingen;2020;416
4851;Salenstein;2013;Bezirk Kreuzlingen;2020;1409
4701;Wäldi;2013;Bezirk Kreuzlingen;2020;1055
4716;Bettwiesen;2014;Bezirk Münchwilen;2020;1225
4721;Bichelsee-Balterswil;2014;Bezirk Münchwilen;2020;2949
4723;Braunau;2014;Bezirk Münchwilen;2020;801
4761;Sirnach;2014;Bezirk Münchwilen;2020;7887
4881;Amlikon-Bissegg;2015;Bezirk Weinfelden;2020;1329
4901;Birwinken;2015;Bezirk Weinfelden;2020;1330
4471;Bischofszell;2015;Bezirk Weinfelden;2020;5878
4486;Hauptwil-Gottshaus;2015;Bezirk Weinfelden;2020;2007
4495;Hohentannen;2015;Bezirk Weinfelden;2020;610
4941;Märstetten;2015;Bezirk Weinfelden;2020;2887
4416;Hefenhofen;2011;Bezirk Arbon;2020;1276
4446;Sommeri;2011;Bezirk Arbon;2020;622
4536;Basadingen-Schlattingen;2012;Bezirk Frauenfeld;2020;1814
4561;Felben-Wellhausen;2012;Bezirk Frauenfeld;2020;2864
4571;Gachnang;2012;Bezirk Frauenfeld;2020;4472
4546;Schlatt;2012;Bezirk Frauenfeld;2020;1808
4864;Steckborn;2012;Bezirk Frauenfeld;2020;3828
4606;Stettfurt;2012;Bezirk Frauenfeld;2020;1217
4643;Bottighofen;2013;Bezirk Kreuzlingen;2020;2392
4671;Kreuzlingen;2013;Bezirk Kreuzlingen;2020;22375
4696;Tägerwilen;2013;Bezirk Kreuzlingen;2020;4924
4551;Aadorf;2014;Bezirk Münchwilen;2020;9198
4724;Eschlikon;2014;Bezirk Münchwilen;2020;4564
4726;Fischingen;2014;Bezirk Münchwilen;2020;2831
4746;Münchwilen;2014;Bezirk Münchwilen;2020;5821
4776;Tobel-Tägerschen;2014;Bezirk Münchwilen;2020;1588
4711;Affeltrangen;2015;Bezirk Weinfelden;2020;2642
4921;Bussnang;2015;Bezirk Weinfelden;2020;2466
4756;Schönholzerswilen;2015;Bezirk Weinfelden;2020;839
4506;Sulgen;2015;Bezirk Weinfelden;2020;3943
4951;Wigoltingen;2015;Bezirk Weinfelden;2020;2560
4791;Wuppenau;2015;Bezirk Weinfelden;2020;1129
4511;Zihlschlacht-Sitterdorf;2015;Bezirk Weinfelden;2020;2478
4421;Horn;2011;Bezirk Arbon;2019;2898
4426;Kesswil;2011;Bezirk Arbon;2019;1000
4431;Roggwil;2011;Bezirk Arbon;2019;3082
4536;Basadingen-Schlattingen;2012;Bezirk Frauenfeld;2019;1828
4561;Felben-Wellhausen;2012;Bezirk Frauenfeld;2019;2858
4571;Gachnang;2012;Bezirk Frauenfeld;2019;4443
4811;Herdern;2012;Bezirk Frauenfeld;2019;1111
4816;Homburg;2012;Bezirk Frauenfeld;2019;1541
4591;Matzingen;2012;Bezirk Frauenfeld;2019;2958
4611;Thundorf;2012;Bezirk Frauenfeld;2019;1486
4871;Wagenhausen;2012;Bezirk Frauenfeld;2019;1711
4643;Bottighofen;2013;Bezirk Kreuzlingen;2019;2295
4646;Ermatingen;2013;Bezirk Kreuzlingen;2019;3521
4666;Kemmental;2013;Bezirk Kreuzlingen;2019;2591
4671;Kreuzlingen;2013;Bezirk Kreuzlingen;2019;22193
4681;Langrickenbach;2013;Bezirk Kreuzlingen;2019;1274
4846;Raperswilen;2013;Bezirk Kreuzlingen;2019;413
4696;Tägerwilen;2013;Bezirk Kreuzlingen;2019;4765
4721;Bichelsee-Balterswil;2014;Bezirk Münchwilen;2019;2873
4724;Eschlikon;2014;Bezirk Münchwilen;2019;4464
4746;Münchwilen;2014;Bezirk Münchwilen;2019;5667
4761;Sirnach;2014;Bezirk Münchwilen;2019;7783
4786;Wilen;2014;Bezirk Münchwilen;2019;2515
4711;Affeltrangen;2015;Bezirk Weinfelden;2019;2603
4471;Bischofszell;2015;Bezirk Weinfelden;2019;5963
4476;Erlen;2015;Bezirk Weinfelden;2019;3764
4486;Hauptwil-Gottshaus;2015;Bezirk Weinfelden;2019;1987
4941;Märstetten;2015;Bezirk Weinfelden;2019;2884
4946;Weinfelden;2015;Bezirk Weinfelden;2019;11559
4461;Amriswil;2011;Bezirk Arbon;2019;13745
4416;Hefenhofen;2011;Bezirk Arbon;2019;1201
4436;Romanshorn;2011;Bezirk Arbon;2019;11236
4446;Sommeri;2011;Bezirk Arbon;2019;608
4451;Uttwil;2011;Bezirk Arbon;2019;1889
4806;Eschenz;2012;Bezirk Frauenfeld;2019;1833
4566;Frauenfeld;2012;Bezirk Frauenfeld;2019;25622
4590;Hüttlingen;2012;Bezirk Frauenfeld;2019;840
4821;Hüttwilen;2012;Bezirk Frauenfeld;2019;1769
4831;Müllheim;2012;Bezirk Frauenfeld;2019;2995
4841;Pfyn;2012;Bezirk Frauenfeld;2019;2065
4616;Uesslingen-Buch;2012;Bezirk Frauenfeld;2019;1078
4621;Warth-Weiningen;2012;Bezirk Frauenfeld;2019;1334
4683;Lengwil;2013;Bezirk Kreuzlingen;2019;1738
4701;Wäldi;2013;Bezirk Kreuzlingen;2019;1049
4551;Aadorf;2014;Bezirk Münchwilen;2019;9028
4726;Fischingen;2014;Bezirk Münchwilen;2019;2792
4781;Wängi;2014;Bezirk Münchwilen;2019;4742
4881;Amlikon-Bissegg;2015;Bezirk Weinfelden;2019;1333
4901;Birwinken;2015;Bezirk Weinfelden;2019;1340
4921;Bussnang;2015;Bezirk Weinfelden;2019;2452
4911;Bürglen;2015;Bezirk Weinfelden;2019;3949
4501;Kradolf-Schönenberg;2015;Bezirk Weinfelden;2019;3605
4506;Sulgen;2015;Bezirk Weinfelden;2019;3901
4791;Wuppenau;2015;Bezirk Weinfelden;2019;1118
4401;Arbon;2011;Bezirk Arbon;2019;14718
4406;Dozwil;2011;Bezirk Arbon;2019;684
4411;Egnach;2011;Bezirk Arbon;2019;4687
4441;Salmsach;2011;Bezirk Arbon;2019;1454
4801;Berlingen;2012;Bezirk Frauenfeld;2019;894
4545;Diessenhofen;2012;Bezirk Frauenfeld;2019;4029
4826;Mammern;2012;Bezirk Frauenfeld;2019;658
4601;Neunforn;2012;Bezirk Frauenfeld;2019;1040
4546;Schlatt;2012;Bezirk Frauenfeld;2019;1771
4864;Steckborn;2012;Bezirk Frauenfeld;2019;3736
4606;Stettfurt;2012;Bezirk Frauenfeld;2019;1228
4641;Altnau;2013;Bezirk Kreuzlingen;2019;2280
4651;Gottlieben;2013;Bezirk Kreuzlingen;2019;331
4656;Güttingen;2013;Bezirk Kreuzlingen;2019;1656
4691;Münsterlingen;2013;Bezirk Kreuzlingen;2019;3495
4851;Salenstein;2013;Bezirk Kreuzlingen;2019;1364
4716;Bettwiesen;2014;Bezirk Münchwilen;2019;1223
4723;Braunau;2014;Bezirk Münchwilen;2019;814
4741;Lommis;2014;Bezirk Münchwilen;2019;1208
4751;Rickenbach;2014;Bezirk Münchwilen;2019;2798
4776;Tobel-Tägerschen;2014;Bezirk Münchwilen;2019;1601
4891;Berg;2015;Bezirk Weinfelden;2019;3444
4495;Hohentannen;2015;Bezirk Weinfelden;2019;584
4756;Schönholzerswilen;2015;Bezirk Weinfelden;2019;846
4951;Wigoltingen;2015;Bezirk Weinfelden;2019;2456
4511;Zihlschlacht-Sitterdorf;2015;Bezirk Weinfelden;2019;2436
4416;Hefenhofen;2011;Bezirk Arbon;2018;1193
4436;Romanshorn;2011;Bezirk Arbon;2018;11114
4446;Sommeri;2011;Bezirk Arbon;2018;572
4801;Berlingen;2012;Bezirk Frauenfeld;2018;893
4806;Eschenz;2012;Bezirk Frauenfeld;2018;1741
4561;Felben-Wellhausen;2012;Bezirk Frauenfeld;2018;2836
4566;Frauenfeld;2012;Bezirk Frauenfeld;2018;25456
4601;Neunforn;2012;Bezirk Frauenfeld;2018;1032
4864;Steckborn;2012;Bezirk Frauenfeld;2018;3742
4616;Uesslingen-Buch;2012;Bezirk Frauenfeld;2018;1085
4651;Gottlieben;2013;Bezirk Kreuzlingen;2018;337
4656;Güttingen;2013;Bezirk Kreuzlingen;2018;1591
4671;Kreuzlingen;2013;Bezirk Kreuzlingen;2018;21990
4851;Salenstein;2013;Bezirk Kreuzlingen;2018;1318
4696;Tägerwilen;2013;Bezirk Kreuzlingen;2018;4635
4716;Bettwiesen;2014;Bezirk Münchwilen;2018;1241
4724;Eschlikon;2014;Bezirk Münchwilen;2018;4357
4781;Wängi;2014;Bezirk Münchwilen;2018;4697
4881;Amlikon-Bissegg;2015;Bezirk Weinfelden;2018;1341
4901;Birwinken;2015;Bezirk Weinfelden;2018;1321
4471;Bischofszell;2015;Bezirk Weinfelden;2018;5985
4486;Hauptwil-Gottshaus;2015;Bezirk Weinfelden;2018;1941
4495;Hohentannen;2015;Bezirk Weinfelden;2018;586
4756;Schönholzerswilen;2015;Bezirk Weinfelden;2018;866
4461;Amriswil;2011;Bezirk Arbon;2018;13460
4406;Dozwil;2011;Bezirk Arbon;2018;695
4411;Egnach;2011;Bezirk Arbon;2018;4702
4421;Horn;2011;Bezirk Arbon;2018;2748
4451;Uttwil;2011;Bezirk Arbon;2018;1856
4536;Basadingen-Schlattingen;2012;Bezirk Frauenfeld;2018;1833
4571;Gachnang;2012;Bezirk Frauenfeld;2018;4347
4811;Herdern;2012;Bezirk Frauenfeld;2018;1077
4816;Homburg;2012;Bezirk Frauenfeld;2018;1542
4821;Hüttwilen;2012;Bezirk Frauenfeld;2018;1726
4826;Mammern;2012;Bezirk Frauenfeld;2018;651
4546;Schlatt;2012;Bezirk Frauenfeld;2018;1698
4606;Stettfurt;2012;Bezirk Frauenfeld;2018;1207
4611;Thundorf;2012;Bezirk Frauenfeld;2018;1436
4621;Warth-Weiningen;2012;Bezirk Frauenfeld;2018;1341
4641;Altnau;2013;Bezirk Kreuzlingen;2018;2236
4643;Bottighofen;2013;Bezirk Kreuzlingen;2018;2219
4666;Kemmental;2013;Bezirk Kreuzlingen;2018;2537
4551;Aadorf;2014;Bezirk Münchwilen;2018;9004
4726;Fischingen;2014;Bezirk Münchwilen;2018;2783
4746;Münchwilen;2014;Bezirk Münchwilen;2018;5607
4761;Sirnach;2014;Bezirk Münchwilen;2018;7733
4921;Bussnang;2015;Bezirk Weinfelden;2018;2342
4941;Märstetten;2015;Bezirk Weinfelden;2018;2885
4506;Sulgen;2015;Bezirk Weinfelden;2018;3842
4946;Weinfelden;2015;Bezirk Weinfelden;2018;11483
4951;Wigoltingen;2015;Bezirk Weinfelden;2018;2447
4401;Arbon;2011;Bezirk Arbon;2018;14533
4426;Kesswil;2011;Bezirk Arbon;2018;989
4431;Roggwil;2011;Bezirk Arbon;2018;3059
4441;Salmsach;2011;Bezirk Arbon;2018;1443
4545;Diessenhofen;2012;Bezirk Frauenfeld;2018;3985
4590;Hüttlingen;2012;Bezirk Frauenfeld;2018;843
4591;Matzingen;2012;Bezirk Frauenfeld;2018;2895
4831;Müllheim;2012;Bezirk Frauenfeld;2018;2980
4841;Pfyn;2012;Bezirk Frauenfeld;2018;2010
4871;Wagenhausen;2012;Bezirk Frauenfeld;2018;1678
4646;Ermatingen;2013;Bezirk Kreuzlingen;2018;3454
4681;Langrickenbach;2013;Bezirk Kreuzlingen;2018;1295
4683;Lengwil;2013;Bezirk Kreuzlingen;2018;1726
4691;Münsterlingen;2013;Bezirk Kreuzlingen;2018;3476
4846;Raperswilen;2013;Bezirk Kreuzlingen;2018;414
4701;Wäldi;2013;Bezirk Kreuzlingen;2018;1061
4721;Bichelsee-Balterswil;2014;Bezirk Münchwilen;2018;2863
4723;Braunau;2014;Bezirk Münchwilen;2018;778
4741;Lommis;2014;Bezirk Münchwilen;2018;1211
4751;Rickenbach;2014;Bezirk Münchwilen;2018;2771
4776;Tobel-Tägerschen;2014;Bezirk Münchwilen;2018;1601
4786;Wilen;2014;Bezirk Münchwilen;2018;2512
4711;Affeltrangen;2015;Bezirk Weinfelden;2018;2546
4891;Berg;2015;Bezirk Weinfelden;2018;3406
4911;Bürglen;2015;Bezirk Weinfelden;2018;3835
4476;Erlen;2015;Bezirk Weinfelden;2018;3737
4501;Kradolf-Schönenberg;2015;Bezirk Weinfelden;2018;3584
4791;Wuppenau;2015;Bezirk Weinfelden;2018;1111
4511;Zihlschlacht-Sitterdorf;2015;Bezirk Weinfelden;2018;2385
4461;Amriswil;2011;Bezirk Arbon;2017;13382
4426;Kesswil;2011;Bezirk Arbon;2017;999
4441;Salmsach;2011;Bezirk Arbon;2017;1411
4806;Eschenz;2012;Bezirk Frauenfeld;2017;1754
4811;Herdern;2012;Bezirk Frauenfeld;2017;1028
4590;Hüttlingen;2012;Bezirk Frauenfeld;2017;834
4826;Mammern;2012;Bezirk Frauenfeld;2017;648
4831;Müllheim;2012;Bezirk Frauenfeld;2017;2964
4546;Schlatt;2012;Bezirk Frauenfeld;2017;1669
4864;Steckborn;2012;Bezirk Frauenfeld;2017;3765
4616;Uesslingen-Buch;2012;Bezirk Frauenfeld;2017;1092
4871;Wagenhausen;2012;Bezirk Frauenfeld;2017;1647
4646;Ermatingen;2013;Bezirk Kreuzlingen;2017;3371
4656;Güttingen;2013;Bezirk Kreuzlingen;2017;1604
4671;Kreuzlingen;2013;Bezirk Kreuzlingen;2017;21795
4691;Münsterlingen;2013;Bezirk Kreuzlingen;2017;3444
4846;Raperswilen;2013;Bezirk Kreuzlingen;2017;394
4851;Salenstein;2013;Bezirk Kreuzlingen;2017;1271
4696;Tägerwilen;2013;Bezirk Kreuzlingen;2017;4602
4721;Bichelsee-Balterswil;2014;Bezirk Münchwilen;2017;2835
4723;Braunau;2014;Bezirk Münchwilen;2017;770
4776;Tobel-Tägerschen;2014;Bezirk Münchwilen;2017;1592
4786;Wilen;2014;Bezirk Münchwilen;2017;2496
4881;Amlikon-Bissegg;2015;Bezirk Weinfelden;2017;1328
4891;Berg;2015;Bezirk Weinfelden;2017;3321
4921;Bussnang;2015;Bezirk Weinfelden;2017;2313
4486;Hauptwil-Gottshaus;2015;Bezirk Weinfelden;2017;1938
4495;Hohentannen;2015;Bezirk Weinfelden;2017;602
4501;Kradolf-Schönenberg;2015;Bezirk Weinfelden;2017;3559
4756;Schönholzerswilen;2015;Bezirk Weinfelden;2017;848
4401;Arbon;2011;Bezirk Arbon;2017;14430
4411;Egnach;2011;Bezirk Arbon;2017;4692
4416;Hefenhofen;2011;Bezirk Arbon;2017;1187
4421;Horn;2011;Bezirk Arbon;2017;2737
4446;Sommeri;2011;Bezirk Arbon;2017;565
4571;Gachnang;2012;Bezirk Frauenfeld;2017;4269
4601;Neunforn;2012;Bezirk Frauenfeld;2017;1004
4841;Pfyn;2012;Bezirk Frauenfeld;2017;1992
4606;Stettfurt;2012;Bezirk Frauenfeld;2017;1213
4641;Altnau;2013;Bezirk Kreuzlingen;2017;2206
4666;Kemmental;2013;Bezirk Kreuzlingen;2017;2482
4681;Langrickenbach;2013;Bezirk Kreuzlingen;2017;1307
4741;Lommis;2014;Bezirk Münchwilen;2017;1223
4746;Münchwilen;2014;Bezirk Münchwilen;2017;5538
4761;Sirnach;2014;Bezirk Münchwilen;2017;7703
4781;Wängi;2014;Bezirk Münchwilen;2017;4648
4711;Affeltrangen;2015;Bezirk Weinfelden;2017;2558
4901;Birwinken;2015;Bezirk Weinfelden;2017;1350
4471;Bischofszell;2015;Bezirk Weinfelden;2017;5974
4941;Märstetten;2015;Bezirk Weinfelden;2017;2808
4511;Zihlschlacht-Sitterdorf;2015;Bezirk Weinfelden;2017;2357
4406;Dozwil;2011;Bezirk Arbon;2017;704
4431;Roggwil;2011;Bezirk Arbon;2017;3056
4436;Romanshorn;2011;Bezirk Arbon;2017;10927
4451;Uttwil;2011;Bezirk Arbon;2017;1852
4536;Basadingen-Schlattingen;2012;Bezirk Frauenfeld;2017;1807
4801;Berlingen;2012;Bezirk Frauenfeld;2017;907
4545;Diessenhofen;2012;Bezirk Frauenfeld;2017;3889
4561;Felben-Wellhausen;2012;Bezirk Frauenfeld;2017;2790
4566;Frauenfeld;2012;Bezirk Frauenfeld;2017;25297
4816;Homburg;2012;Bezirk Frauenfeld;2017;1531
4821;Hüttwilen;2012;Bezirk Frauenfeld;2017;1709
4591;Matzingen;2012;Bezirk Frauenfeld;2017;2840
4611;Thundorf;2012;Bezirk Frauenfeld;2017;1451
4621;Warth-Weiningen;2012;Bezirk Frauenfeld;2017;1311
4643;Bottighofen;2013;Bezirk Kreuzlingen;2017;2164
4651;Gottlieben;2013;Bezirk Kreuzlingen;2017;348
4683;Lengwil;2013;Bezirk Kreuzlingen;2017;1709
4701;Wäldi;2013;Bezirk Kreuzlingen;2017;1049
4551;Aadorf;2014;Bezirk Münchwilen;2017;8843
4716;Bettwiesen;2014;Bezirk Münchwilen;2017;1239
4724;Eschlikon;2014;Bezirk Münchwilen;2017;4300
4726;Fischingen;2014;Bezirk Münchwilen;2017;2690
4751;Rickenbach;2014;Bezirk Münchwilen;2017;2771
4911;Bürglen;2015;Bezirk Weinfelden;2017;3775
4476;Erlen;2015;Bezirk Weinfelden;2017;3664
4506;Sulgen;2015;Bezirk Weinfelden;2017;3744
4946;Weinfelden;2015;Bezirk Weinfelden;2017;11338
4951;Wigoltingen;2015;Bezirk Weinfelden;2017;2429
4791;Wuppenau;2015;Bezirk Weinfelden;2017;1127
4461;Amriswil;2011;Bezirk Arbon;2016;13293
4406;Dozwil;2011;Bezirk Arbon;2016;727
4411;Egnach;2011;Bezirk Arbon;2016;4681
4416;Hefenhofen;2011;Bezirk Arbon;2016;1243
4421;Horn;2011;Bezirk Arbon;2016;2600
4431;Roggwil;2011;Bezirk Arbon;2016;3050
4441;Salmsach;2011;Bezirk Arbon;2016;1451
4536;Basadingen-Schlattingen;2012;Bezirk Frauenfeld;2016;1811
4571;Gachnang;2012;Bezirk Frauenfeld;2016;4211
4591;Matzingen;2012;Bezirk Frauenfeld;2016;2675
4831;Müllheim;2012;Bezirk Frauenfeld;2016;2930
4841;Pfyn;2012;Bezirk Frauenfeld;2016;1943
4871;Wagenhausen;2012;Bezirk Frauenfeld;2016;1654
4666;Kemmental;2013;Bezirk Kreuzlingen;2016;2453
4681;Langrickenbach;2013;Bezirk Kreuzlingen;2016;1279
4691;Münsterlingen;2013;Bezirk Kreuzlingen;2016;3328
4846;Raperswilen;2013;Bezirk Kreuzlingen;2016;391
4696;Tägerwilen;2013;Bezirk Kreuzlingen;2016;4510
4551;Aadorf;2014;Bezirk Münchwilen;2016;8838
4716;Bettwiesen;2014;Bezirk Münchwilen;2016;1172
4786;Wilen;2014;Bezirk Münchwilen;2016;2482
4471;Bischofszell;2015;Bezirk Weinfelden;2016;5923
4401;Arbon;2011;Bezirk Arbon;2016;14256
4426;Kesswil;2011;Bezirk Arbon;2016;992
4436;Romanshorn;2011;Bezirk Arbon;2016;10770
4545;Diessenhofen;2012;Bezirk Frauenfeld;2016;3745
4561;Felben-Wellhausen;2012;Bezirk Frauenfeld;2016;2743
4566;Frauenfeld;2012;Bezirk Frauenfeld;2016;25058
4811;Herdern;2012;Bezirk Frauenfeld;2016;1023
4816;Homburg;2012;Bezirk Frauenfeld;2016;1537
4821;Hüttwilen;2012;Bezirk Frauenfeld;2016;1701
4826;Mammern;2012;Bezirk Frauenfeld;2016;650
4611;Thundorf;2012;Bezirk Frauenfeld;2016;1459
4616;Uesslingen-Buch;2012;Bezirk Frauenfeld;2016;1075
4621;Warth-Weiningen;2012;Bezirk Frauenfeld;2016;1252
4641;Altnau;2013;Bezirk Kreuzlingen;2016;2161
4646;Ermatingen;2013;Bezirk Kreuzlingen;2016;3302
4651;Gottlieben;2013;Bezirk Kreuzlingen;2016;323
4671;Kreuzlingen;2013;Bezirk Kreuzlingen;2016;21537
4701;Wäldi;2013;Bezirk Kreuzlingen;2016;1050
4723;Braunau;2014;Bezirk Münchwilen;2016;765
4724;Eschlikon;2014;Bezirk Münchwilen;2016;4296
4741;Lommis;2014;Bezirk Münchwilen;2016;1215
4746;Münchwilen;2014;Bezirk Münchwilen;2016;5353
4751;Rickenbach;2014;Bezirk Münchwilen;2016;2768
4761;Sirnach;2014;Bezirk Münchwilen;2016;7697
4781;Wängi;2014;Bezirk Münchwilen;2016;4614
4711;Affeltrangen;2015;Bezirk Weinfelden;2016;2513
4921;Bussnang;2015;Bezirk Weinfelden;2016;2261
4501;Kradolf-Schönenberg;2015;Bezirk Weinfelden;2016;3529
4756;Schönholzerswilen;2015;Bezirk Weinfelden;2016;839
4946;Weinfelden;2015;Bezirk Weinfelden;2016;11241
4446;Sommeri;2011;Bezirk Arbon;2016;549
4451;Uttwil;2011;Bezirk Arbon;2016;1855
4801;Berlingen;2012;Bezirk Frauenfeld;2016;887
4806;Eschenz;2012;Bezirk Frauenfeld;2016;1721
4590;Hüttlingen;2012;Bezirk Frauenfeld;2016;837
4601;Neunforn;2012;Bezirk Frauenfeld;2016;986
4546;Schlatt;2012;Bezirk Frauenfeld;2016;1657
4864;Steckborn;2012;Bezirk Frauenfeld;2016;3740
4606;Stettfurt;2012;Bezirk Frauenfeld;2016;1201
4643;Bottighofen;2013;Bezirk Kreuzlingen;2016;2180
4656;Güttingen;2013;Bezirk Kreuzlingen;2016;1560
4683;Lengwil;2013;Bezirk Kreuzlingen;2016;1682
4851;Salenstein;2013;Bezirk Kreuzlingen;2016;1285
4721;Bichelsee-Balterswil;2014;Bezirk Münchwilen;2016;2820
4726;Fischingen;2014;Bezirk Münchwilen;2016;2680
4776;Tobel-Tägerschen;2014;Bezirk Münchwilen;2016;1594
4881;Amlikon-Bissegg;2015;Bezirk Weinfelden;2016;1301
4891;Berg;2015;Bezirk Weinfelden;2016;3301
4901;Birwinken;2015;Bezirk Weinfelden;2016;1337
4911;Bürglen;2015;Bezirk Weinfelden;2016;3741
4476;Erlen;2015;Bezirk Weinfelden;2016;3636
4486;Hauptwil-Gottshaus;2015;Bezirk Weinfelden;2016;1917
4495;Hohentannen;2015;Bezirk Weinfelden;2016;597
4941;Märstetten;2015;Bezirk Weinfelden;2016;2784
4506;Sulgen;2015;Bezirk Weinfelden;2016;3703
4951;Wigoltingen;2015;Bezirk Weinfelden;2016;2410
4791;Wuppenau;2015;Bezirk Weinfelden;2016;1133
4511;Zihlschlacht-Sitterdorf;2015;Bezirk Weinfelden;2016;2267
4426;Kesswil;2011;Bezirk Arbon;2015;997
4431;Roggwil;2011;Bezirk Arbon;2015;2947
4451;Uttwil;2011;Bezirk Arbon;2015;1830
4545;Diessenhofen;2012;Bezirk Frauenfeld;2015;3646
4561;Felben-Wellhausen;2012;Bezirk Frauenfeld;2015;2686
4811;Herdern;2012;Bezirk Frauenfeld;2015;1011
4816;Homburg;2012;Bezirk Frauenfeld;2015;1510
4590;Hüttlingen;2012;Bezirk Frauenfeld;2015;829
4826;Mammern;2012;Bezirk Frauenfeld;2015;625
4591;Matzingen;2012;Bezirk Frauenfeld;2015;2618
4831;Müllheim;2012;Bezirk Frauenfeld;2015;2879
4601;Neunforn;2012;Bezirk Frauenfeld;2015;957
4546;Schlatt;2012;Bezirk Frauenfeld;2015;1647
4606;Stettfurt;2012;Bezirk Frauenfeld;2015;1164
4641;Altnau;2013;Bezirk Kreuzlingen;2015;2148
4643;Bottighofen;2013;Bezirk Kreuzlingen;2015;2166
4651;Gottlieben;2013;Bezirk Kreuzlingen;2015;320
4681;Langrickenbach;2013;Bezirk Kreuzlingen;2015;1274
4846;Raperswilen;2013;Bezirk Kreuzlingen;2015;396
4696;Tägerwilen;2013;Bezirk Kreuzlingen;2015;4377
4716;Bettwiesen;2014;Bezirk Münchwilen;2015;1153
4723;Braunau;2014;Bezirk Münchwilen;2015;753
4726;Fischingen;2014;Bezirk Münchwilen;2015;2638
4746;Münchwilen;2014;Bezirk Münchwilen;2015;5252
4776;Tobel-Tägerschen;2014;Bezirk Münchwilen;2015;1551
4476;Erlen;2015;Bezirk Weinfelden;2015;3608
4501;Kradolf-Schönenberg;2015;Bezirk Weinfelden;2015;3551
4941;Märstetten;2015;Bezirk Weinfelden;2015;2744
4506;Sulgen;2015;Bezirk Weinfelden;2015;3676
4951;Wigoltingen;2015;Bezirk Weinfelden;2015;2369
4461;Amriswil;2011;Bezirk Arbon;2015;13047
4406;Dozwil;2011;Bezirk Arbon;2015;681
4411;Egnach;2011;Bezirk Arbon;2015;4562
4421;Horn;2011;Bezirk Arbon;2015;2592
4436;Romanshorn;2011;Bezirk Arbon;2015;10708
4446;Sommeri;2011;Bezirk Arbon;2015;520
4536;Basadingen-Schlattingen;2012;Bezirk Frauenfeld;2015;1807
4806;Eschenz;2012;Bezirk Frauenfeld;2015;1719
4566;Frauenfeld;2012;Bezirk Frauenfeld;2015;24733
4571;Gachnang;2012;Bezirk Frauenfeld;2015;3978
4821;Hüttwilen;2012;Bezirk Frauenfeld;2015;1665
4841;Pfyn;2012;Bezirk Frauenfeld;2015;1932
4646;Ermatingen;2013;Bezirk Kreuzlingen;2015;3199
4656;Güttingen;2013;Bezirk Kreuzlingen;2015;1574
4666;Kemmental;2013;Bezirk Kreuzlingen;2015;2385
4671;Kreuzlingen;2013;Bezirk Kreuzlingen;2015;21499
4683;Lengwil;2013;Bezirk Kreuzlingen;2015;1653
4721;Bichelsee-Balterswil;2014;Bezirk Münchwilen;2015;2790
4741;Lommis;2014;Bezirk Münchwilen;2015;1225
4786;Wilen;2014;Bezirk Münchwilen;2015;2456
4711;Affeltrangen;2015;Bezirk Weinfelden;2015;2481
4471;Bischofszell;2015;Bezirk Weinfelden;2015;5861
4921;Bussnang;2015;Bezirk Weinfelden;2015;2262
4486;Hauptwil-Gottshaus;2015;Bezirk Weinfelden;2015;1910
4756;Schönholzerswilen;2015;Bezirk Weinfelden;2015;804
4791;Wuppenau;2015;Bezirk Weinfelden;2015;1120
4511;Zihlschlacht-Sitterdorf;2015;Bezirk Weinfelden;2015;2247
4401;Arbon;2011;Bezirk Arbon;2015;14184
4416;Hefenhofen;2011;Bezirk Arbon;2015;1230
4441;Salmsach;2011;Bezirk Arbon;2015;1402
4801;Berlingen;2012;Bezirk Frauenfeld;2015;863
4864;Steckborn;2012;Bezirk Frauenfeld;2015;3716
4611;Thundorf;2012;Bezirk Frauenfeld;2015;1427
4616;Uesslingen-Buch;2012;Bezirk Frauenfeld;2015;1086
4871;Wagenhausen;2012;Bezirk Frauenfeld;2015;1672
4621;Warth-Weiningen;2012;Bezirk Frauenfeld;2015;1238
4691;Münsterlingen;2013;Bezirk Kreuzlingen;2015;3187
4851;Salenstein;2013;Bezirk Kreuzlingen;2015;1281
4701;Wäldi;2013;Bezirk Kreuzlingen;2015;1037
4551;Aadorf;2014;Bezirk Münchwilen;2015;8793
4724;Eschlikon;2014;Bezirk Münchwilen;2015;4267
4751;Rickenbach;2014;Bezirk Münchwilen;2015;2766
4761;Sirnach;2014;Bezirk Münchwilen;2015;7642
4781;Wängi;2014;Bezirk Münchwilen;2015;4576
4881;Amlikon-Bissegg;2015;Bezirk Weinfelden;2015;1320
4891;Berg;2015;Bezirk Weinfelden;2015;3299
4901;Birwinken;2015;Bezirk Weinfelden;2015;1354
4911;Bürglen;2015;Bezirk Weinfelden;2015;3679
4495;Hohentannen;2015;Bezirk Weinfelden;2015;612
4946;Weinfelden;2015;Bezirk Weinfelden;2015;11147
4461;Amriswil;2011;Bezirk Arbon;2014;12699
4421;Horn;2011;Bezirk Arbon;2014;2570
4436;Romanshorn;2011;Bezirk Arbon;2014;10558
4441;Salmsach;2011;Bezirk Arbon;2014;1382
4446;Sommeri;2011;Bezirk Arbon;2014;519
4536;Basadingen-Schlattingen;2012;Bezirk Frauenfeld;2014;1774
4561;Felben-Wellhausen;2012;Bezirk Frauenfeld;2014;2641
4616;Uesslingen-Buch;2012;Bezirk Frauenfeld;2014;1082
4641;Altnau;2013;Bezirk Kreuzlingen;2014;2113
4656;Güttingen;2013;Bezirk Kreuzlingen;2014;1540
4846;Raperswilen;2013;Bezirk Kreuzlingen;2014;411
4721;Bichelsee-Balterswil;2014;Bezirk Münchwilen;2014;2769
4723;Braunau;2014;Bezirk Münchwilen;2014;755
4724;Eschlikon;2014;Bezirk Münchwilen;2014;4210
4761;Sirnach;2014;Bezirk Münchwilen;2014;7488
4786;Wilen;2014;Bezirk Münchwilen;2014;2361
4781;Wängi;2014;Bezirk Münchwilen;2014;4471
4881;Amlikon-Bissegg;2015;Bezirk Weinfelden;2014;1294
4941;Märstetten;2015;Bezirk Weinfelden;2014;2735
4506;Sulgen;2015;Bezirk Weinfelden;2014;3638
4511;Zihlschlacht-Sitterdorf;2015;Bezirk Weinfelden;2014;2219
4416;Hefenhofen;2011;Bezirk Arbon;2014;1229
4426;Kesswil;2011;Bezirk Arbon;2014;989
4801;Berlingen;2012;Bezirk Frauenfeld;2014;851
4545;Diessenhofen;2012;Bezirk Frauenfeld;2014;3546
4571;Gachnang;2012;Bezirk Frauenfeld;2014;3729
4591;Matzingen;2012;Bezirk Frauenfeld;2014;2569
4831;Müllheim;2012;Bezirk Frauenfeld;2014;2870
4546;Schlatt;2012;Bezirk Frauenfeld;2014;1646
4646;Ermatingen;2013;Bezirk Kreuzlingen;2014;3156
4671;Kreuzlingen;2013;Bezirk Kreuzlingen;2014;21166
4691;Münsterlingen;2013;Bezirk Kreuzlingen;2014;3143
4851;Salenstein;2013;Bezirk Kreuzlingen;2014;1295
4701;Wäldi;2013;Bezirk Kreuzlingen;2014;1030
4741;Lommis;2014;Bezirk Münchwilen;2014;1191
4746;Münchwilen;2014;Bezirk Münchwilen;2014;5137
4901;Birwinken;2015;Bezirk Weinfelden;2014;1341
4471;Bischofszell;2015;Bezirk Weinfelden;2014;5767
4911;Bürglen;2015;Bezirk Weinfelden;2014;3567
4476;Erlen;2015;Bezirk Weinfelden;2014;3480
4756;Schönholzerswilen;2015;Bezirk Weinfelden;2014;795
4791;Wuppenau;2015;Bezirk Weinfelden;2014;1121
4401;Arbon;2011;Bezirk Arbon;2014;13986
4406;Dozwil;2011;Bezirk Arbon;2014;678
4411;Egnach;2011;Bezirk Arbon;2014;4516
4431;Roggwil;2011;Bezirk Arbon;2014;2896
4451;Uttwil;2011;Bezirk Arbon;2014;1804
4806;Eschenz;2012;Bezirk Frauenfeld;2014;1682
4566;Frauenfeld;2012;Bezirk Frauenfeld;2014;24409
4811;Herdern;2012;Bezirk Frauenfeld;2014;978
4816;Homburg;2012;Bezirk Frauenfeld;2014;1512
4590;Hüttlingen;2012;Bezirk Frauenfeld;2014;831
4821;Hüttwilen;2012;Bezirk Frauenfeld;2014;1631
4826;Mammern;2012;Bezirk Frauenfeld;2014;608
4601;Neunforn;2012;Bezirk Frauenfeld;2014;921
4841;Pfyn;2012;Bezirk Frauenfeld;2014;1946
4864;Steckborn;2012;Bezirk Frauenfeld;2014;3693
4606;Stettfurt;2012;Bezirk Frauenfeld;2014;1160
4611;Thundorf;2012;Bezirk Frauenfeld;2014;1408
4871;Wagenhausen;2012;Bezirk Frauenfeld;2014;1655
4621;Warth-Weiningen;2012;Bezirk Frauenfeld;2014;1232
4643;Bottighofen;2013;Bezirk Kreuzlingen;2014;2116
4651;Gottlieben;2013;Bezirk Kreuzlingen;2014;299
4666;Kemmental;2013;Bezirk Kreuzlingen;2014;2353
4681;Langrickenbach;2013;Bezirk Kreuzlingen;2014;1264
4683;Lengwil;2013;Bezirk Kreuzlingen;2014;1560
4696;Tägerwilen;2013;Bezirk Kreuzlingen;2014;4320
4551;Aadorf;2014;Bezirk Münchwilen;2014;8555
4716;Bettwiesen;2014;Bezirk Münchwilen;2014;1128
4726;Fischingen;2014;Bezirk Münchwilen;2014;2563
4751;Rickenbach;2014;Bezirk Münchwilen;2014;2712
4776;Tobel-Tägerschen;2014;Bezirk Münchwilen;2014;1507
4711;Affeltrangen;2015;Bezirk Weinfelden;2014;2450
4891;Berg;2015;Bezirk Weinfelden;2014;3261
4921;Bussnang;2015;Bezirk Weinfelden;2014;2211
4486;Hauptwil-Gottshaus;2015;Bezirk Weinfelden;2014;1911
4495;Hohentannen;2015;Bezirk Weinfelden;2014;614
4501;Kradolf-Schönenberg;2015;Bezirk Weinfelden;2014;3512
4946;Weinfelden;2015;Bezirk Weinfelden;2014;10948
4951;Wigoltingen;2015;Bezirk Weinfelden;2014;2315
4461;Amriswil;2011;Bezirk Arbon;2013;12636
4401;Arbon;2011;Bezirk Arbon;2013;14028
4421;Horn;2011;Bezirk Arbon;2013;2594
4426;Kesswil;2011;Bezirk Arbon;2013;984
4431;Roggwil;2011;Bezirk Arbon;2013;2867
4545;Diessenhofen;2012;Bezirk Frauenfeld;2013;3547
4561;Felben-Wellhausen;2012;Bezirk Frauenfeld;2013;2601
4566;Frauenfeld;2012;Bezirk Frauenfeld;2013;24221
4816;Homburg;2012;Bezirk Frauenfeld;2013;1476
4546;Schlatt;2012;Bezirk Frauenfeld;2013;1626
4611;Thundorf;2012;Bezirk Frauenfeld;2013;1340
4616;Uesslingen-Buch;2012;Bezirk Frauenfeld;2013;1074
4641;Altnau;2013;Bezirk Kreuzlingen;2013;2151
4651;Gottlieben;2013;Bezirk Kreuzlingen;2013;302
4656;Güttingen;2013;Bezirk Kreuzlingen;2013;1481
4683;Lengwil;2013;Bezirk Kreuzlingen;2013;1482
4691;Münsterlingen;2013;Bezirk Kreuzlingen;2013;3113
4851;Salenstein;2013;Bezirk Kreuzlingen;2013;1290
4726;Fischingen;2014;Bezirk Münchwilen;2013;2540
4751;Rickenbach;2014;Bezirk Münchwilen;2013;2688
4786;Wilen;2014;Bezirk Münchwilen;2013;2249
4901;Birwinken;2015;Bezirk Weinfelden;2013;1317
4921;Bussnang;2015;Bezirk Weinfelden;2013;2184
4476;Erlen;2015;Bezirk Weinfelden;2013;3263
4486;Hauptwil-Gottshaus;2015;Bezirk Weinfelden;2013;1896
4495;Hohentannen;2015;Bezirk Weinfelden;2013;618
4941;Märstetten;2015;Bezirk Weinfelden;2013;2710
4946;Weinfelden;2015;Bezirk Weinfelden;2013;10809
4791;Wuppenau;2015;Bezirk Weinfelden;2013;1097
4406;Dozwil;2011;Bezirk Arbon;2013;664
4416;Hefenhofen;2011;Bezirk Arbon;2013;1234
4436;Romanshorn;2011;Bezirk Arbon;2013;10435
4446;Sommeri;2011;Bezirk Arbon;2013;505
4801;Berlingen;2012;Bezirk Frauenfeld;2013;861
4806;Eschenz;2012;Bezirk Frauenfeld;2013;1675
4811;Herdern;2012;Bezirk Frauenfeld;2013;986
4821;Hüttwilen;2012;Bezirk Frauenfeld;2013;1579
4841;Pfyn;2012;Bezirk Frauenfeld;2013;1929
4606;Stettfurt;2012;Bezirk Frauenfeld;2013;1142
4846;Raperswilen;2013;Bezirk Kreuzlingen;2013;393
4696;Tägerwilen;2013;Bezirk Kreuzlingen;2013;4263
4551;Aadorf;2014;Bezirk Münchwilen;2013;8413
4716;Bettwiesen;2014;Bezirk Münchwilen;2013;1145
4721;Bichelsee-Balterswil;2014;Bezirk Münchwilen;2013;2741
4723;Braunau;2014;Bezirk Münchwilen;2013;725
4724;Eschlikon;2014;Bezirk Münchwilen;2013;4156
4741;Lommis;2014;Bezirk Münchwilen;2013;1166
4746;Münchwilen;2014;Bezirk Münchwilen;2013;5050
4761;Sirnach;2014;Bezirk Münchwilen;2013;7387
4891;Berg;2015;Bezirk Weinfelden;2013;3237
4471;Bischofszell;2015;Bezirk Weinfelden;2013;5625
4506;Sulgen;2015;Bezirk Weinfelden;2013;3607
4951;Wigoltingen;2015;Bezirk Weinfelden;2013;2253
4511;Zihlschlacht-Sitterdorf;2015;Bezirk Weinfelden;2013;2164
4411;Egnach;2011;Bezirk Arbon;2013;4445
4441;Salmsach;2011;Bezirk Arbon;2013;1342
4451;Uttwil;2011;Bezirk Arbon;2013;1807
4536;Basadingen-Schlattingen;2012;Bezirk Frauenfeld;2013;1738
4571;Gachnang;2012;Bezirk Frauenfeld;2013;3597
4590;Hüttlingen;2012;Bezirk Frauenfeld;2013;818
4826;Mammern;2012;Bezirk Frauenfeld;2013;611
4591;Matzingen;2012;Bezirk Frauenfeld;2013;2524
4831;Müllheim;2012;Bezirk Frauenfeld;2013;2787
4601;Neunforn;2012;Bezirk Frauenfeld;2013;950
4864;Steckborn;2012;Bezirk Frauenfeld;2013;3635
4871;Wagenhausen;2012;Bezirk Frauenfeld;2013;1661
4621;Warth-Weiningen;2012;Bezirk Frauenfeld;2013;1215
4643;Bottighofen;2013;Bezirk Kreuzlingen;2013;2117
4646;Ermatingen;2013;Bezirk Kreuzlingen;2013;3077
4666;Kemmental;2013;Bezirk Kreuzlingen;2013;2311
4671;Kreuzlingen;2013;Bezirk Kreuzlingen;2013;20680
4681;Langrickenbach;2013;Bezirk Kreuzlingen;2013;1223
4701;Wäldi;2013;Bezirk Kreuzlingen;2013;986
4776;Tobel-Tägerschen;2014;Bezirk Münchwilen;2013;1463
4781;Wängi;2014;Bezirk Münchwilen;2013;4425
4711;Affeltrangen;2015;Bezirk Weinfelden;2013;2387
4881;Amlikon-Bissegg;2015;Bezirk Weinfelden;2013;1303
4911;Bürglen;2015;Bezirk Weinfelden;2013;3455
4501;Kradolf-Schönenberg;2015;Bezirk Weinfelden;2013;3356
4756;Schönholzerswilen;2015;Bezirk Weinfelden;2013;823
4411;Egnach;2011;Bezirk Arbon;2012;4313
4426;Kesswil;2011;Bezirk Arbon;2012;1007
4446;Sommeri;2011;Bezirk Arbon;2012;506
4806;Eschenz;2012;Bezirk Frauenfeld;2012;1637
4571;Gachnang;2012;Bezirk Frauenfeld;2012;3492
4811;Herdern;2012;Bezirk Frauenfeld;2012;959
4821;Hüttwilen;2012;Bezirk Frauenfeld;2012;1561
4641;Altnau;2013;Bezirk Kreuzlingen;2012;2061
4643;Bottighofen;2013;Bezirk Kreuzlingen;2012;2110
4651;Gottlieben;2013;Bezirk Kreuzlingen;2012;292
4671;Kreuzlingen;2013;Bezirk Kreuzlingen;2012;20349
4696;Tägerwilen;2013;Bezirk Kreuzlingen;2012;4066
4724;Eschlikon;2014;Bezirk Münchwilen;2012;4059
4781;Wängi;2014;Bezirk Münchwilen;2012;4284
4941;Märstetten;2015;Bezirk Weinfelden;2012;2581
4951;Wigoltingen;2015;Bezirk Weinfelden;2012;2243
4791;Wuppenau;2015;Bezirk Weinfelden;2012;1087
4401;Arbon;2011;Bezirk Arbon;2012;13884
4421;Horn;2011;Bezirk Arbon;2012;2579
4431;Roggwil;2011;Bezirk Arbon;2012;2888
4436;Romanshorn;2011;Bezirk Arbon;2012;10254
4441;Salmsach;2011;Bezirk Arbon;2012;1329
4451;Uttwil;2011;Bezirk Arbon;2012;1753
4545;Diessenhofen;2012;Bezirk Frauenfeld;2012;3513
4561;Felben-Wellhausen;2012;Bezirk Frauenfeld;2012;2536
4816;Homburg;2012;Bezirk Frauenfeld;2012;1471
4590;Hüttlingen;2012;Bezirk Frauenfeld;2012;818
4591;Matzingen;2012;Bezirk Frauenfeld;2012;2556
4601;Neunforn;2012;Bezirk Frauenfeld;2012;953
4611;Thundorf;2012;Bezirk Frauenfeld;2012;1327
4616;Uesslingen-Buch;2012;Bezirk Frauenfeld;2012;1066
4871;Wagenhausen;2012;Bezirk Frauenfeld;2012;1649
4621;Warth-Weiningen;2012;Bezirk Frauenfeld;2012;1212
4646;Ermatingen;2013;Bezirk Kreuzlingen;2012;3021
4656;Güttingen;2013;Bezirk Kreuzlingen;2012;1473
4681;Langrickenbach;2013;Bezirk Kreuzlingen;2012;1145
4846;Raperswilen;2013;Bezirk Kreuzlingen;2012;403
4726;Fischingen;2014;Bezirk Münchwilen;2012;2577
4746;Münchwilen;2014;Bezirk Münchwilen;2012;4997
4761;Sirnach;2014;Bezirk Münchwilen;2012;7317
4776;Tobel-Tägerschen;2014;Bezirk Münchwilen;2012;1421
4881;Amlikon-Bissegg;2015;Bezirk Weinfelden;2012;1285
4891;Berg;2015;Bezirk Weinfelden;2012;3186
4471;Bischofszell;2015;Bezirk Weinfelden;2012;5546
4921;Bussnang;2015;Bezirk Weinfelden;2012;2168
4911;Bürglen;2015;Bezirk Weinfelden;2012;3422
4476;Erlen;2015;Bezirk Weinfelden;2012;3233
4501;Kradolf-Schönenberg;2015;Bezirk Weinfelden;2012;3298
4946;Weinfelden;2015;Bezirk Weinfelden;2012;10646
4461;Amriswil;2011;Bezirk Arbon;2012;12503
4406;Dozwil;2011;Bezirk Arbon;2012;660
4416;Hefenhofen;2011;Bezirk Arbon;2012;1218
4536;Basadingen-Schlattingen;2012;Bezirk Frauenfeld;2012;1712
4801;Berlingen;2012;Bezirk Frauenfeld;2012;858
4566;Frauenfeld;2012;Bezirk Frauenfeld;2012;23948
4826;Mammern;2012;Bezirk Frauenfeld;2012;615
4831;Müllheim;2012;Bezirk Frauenfeld;2012;2666
4841;Pfyn;2012;Bezirk Frauenfeld;2012;1948
4546;Schlatt;2012;Bezirk Frauenfeld;2012;1624
4864;Steckborn;2012;Bezirk Frauenfeld;2012;3689
4606;Stettfurt;2012;Bezirk Frauenfeld;2012;1140
4666;Kemmental;2013;Bezirk Kreuzlingen;2012;2290
4683;Lengwil;2013;Bezirk Kreuzlingen;2012;1428
4691;Münsterlingen;2013;Bezirk Kreuzlingen;2012;3054
4851;Salenstein;2013;Bezirk Kreuzlingen;2012;1260
4701;Wäldi;2013;Bezirk Kreuzlingen;2012;993
4551;Aadorf;2014;Bezirk Münchwilen;2012;8364
4716;Bettwiesen;2014;Bezirk Münchwilen;2012;1109
4721;Bichelsee-Balterswil;2014;Bezirk Münchwilen;2012;2675
4723;Braunau;2014;Bezirk Münchwilen;2012;711
4741;Lommis;2014;Bezirk Münchwilen;2012;1125
4751;Rickenbach;2014;Bezirk Münchwilen;2012;2593
4786;Wilen;2014;Bezirk Münchwilen;2012;2149
4711;Affeltrangen;2015;Bezirk Weinfelden;2012;2383
4901;Birwinken;2015;Bezirk Weinfelden;2012;1333
4486;Hauptwil-Gottshaus;2015;Bezirk Weinfelden;2012;1873
4495;Hohentannen;2015;Bezirk Weinfelden;2012;604
4756;Schönholzerswilen;2015;Bezirk Weinfelden;2012;799
4506;Sulgen;2015;Bezirk Weinfelden;2012;3542
4511;Zihlschlacht-Sitterdorf;2015;Bezirk Weinfelden;2012;2129
4401;Arbon;2011;Bezirk Arbon;2011;13647
4416;Hefenhofen;2011;Bezirk Arbon;2011;1185
4421;Horn;2011;Bezirk Arbon;2011;2591
4441;Salmsach;2011;Bezirk Arbon;2011;1323
4545;Diessenhofen;2012;Bezirk Frauenfeld;2011;3457
4561;Felben-Wellhausen;2012;Bezirk Frauenfeld;2011;2503
4821;Hüttwilen;2012;Bezirk Frauenfeld;2011;1532
4601;Neunforn;2012;Bezirk Frauenfeld;2011;955
4841;Pfyn;2012;Bezirk Frauenfeld;2011;1959
4546;Schlatt;2012;Bezirk Frauenfeld;2011;1599
4864;Steckborn;2012;Bezirk Frauenfeld;2011;3642
4606;Stettfurt;2012;Bezirk Frauenfeld;2011;1129
4616;Uesslingen-Buch;2012;Bezirk Frauenfeld;2011;1069
4666;Kemmental;2013;Bezirk Kreuzlingen;2011;2272
4681;Langrickenbach;2013;Bezirk Kreuzlingen;2011;1135
4701;Wäldi;2013;Bezirk Kreuzlingen;2011;998
4721;Bichelsee-Balterswil;2014;Bezirk Münchwilen;2011;2624
4724;Eschlikon;2014;Bezirk Münchwilen;2011;3920
4761;Sirnach;2014;Bezirk Münchwilen;2011;7191
4786;Wilen;2014;Bezirk Münchwilen;2011;2125
4711;Affeltrangen;2015;Bezirk Weinfelden;2011;2338
4881;Amlikon-Bissegg;2015;Bezirk Weinfelden;2011;1278
4495;Hohentannen;2015;Bezirk Weinfelden;2011;618
4756;Schönholzerswilen;2015;Bezirk Weinfelden;2011;778
4946;Weinfelden;2015;Bezirk Weinfelden;2011;10440
4406;Dozwil;2011;Bezirk Arbon;2011;650
4431;Roggwil;2011;Bezirk Arbon;2011;2941
4436;Romanshorn;2011;Bezirk Arbon;2011;10076
4446;Sommeri;2011;Bezirk Arbon;2011;515
4451;Uttwil;2011;Bezirk Arbon;2011;1757
4536;Basadingen-Schlattingen;2012;Bezirk Frauenfeld;2011;1678
4801;Berlingen;2012;Bezirk Frauenfeld;2011;833
4806;Eschenz;2012;Bezirk Frauenfeld;2011;1640
4571;Gachnang;2012;Bezirk Frauenfeld;2011;3415
4826;Mammern;2012;Bezirk Frauenfeld;2011;594
4591;Matzingen;2012;Bezirk Frauenfeld;2011;2540
4871;Wagenhausen;2012;Bezirk Frauenfeld;2011;1611
4643;Bottighofen;2013;Bezirk Kreuzlingen;2011;2110
4646;Ermatingen;2013;Bezirk Kreuzlingen;2011;2909
4671;Kreuzlingen;2013;Bezirk Kreuzlingen;2011;19808
4691;Münsterlingen;2013;Bezirk Kreuzlingen;2011;2962
4846;Raperswilen;2013;Bezirk Kreuzlingen;2011;401
4696;Tägerwilen;2013;Bezirk Kreuzlingen;2011;3997
4716;Bettwiesen;2014;Bezirk Münchwilen;2011;1082
4726;Fischingen;2014;Bezirk Münchwilen;2011;2554
4776;Tobel-Tägerschen;2014;Bezirk Münchwilen;2011;1379
4781;Wängi;2014;Bezirk Münchwilen;2011;4226
4921;Bussnang;2015;Bezirk Weinfelden;2011;2151
4911;Bürglen;2015;Bezirk Weinfelden;2011;3356
4476;Erlen;2015;Bezirk Weinfelden;2011;3186
4501;Kradolf-Schönenberg;2015;Bezirk Weinfelden;2011;3316
4941;Märstetten;2015;Bezirk Weinfelden;2011;2585
4951;Wigoltingen;2015;Bezirk Weinfelden;2011;2172
4461;Amriswil;2011;Bezirk Arbon;2011;12315
4411;Egnach;2011;Bezirk Arbon;2011;4312
4426;Kesswil;2011;Bezirk Arbon;2011;980
4566;Frauenfeld;2012;Bezirk Frauenfeld;2011;23527
4811;Herdern;2012;Bezirk Frauenfeld;2011;946
4816;Homburg;2012;Bezirk Frauenfeld;2011;1464
4590;Hüttlingen;2012;Bezirk Frauenfeld;2011;814
4831;Müllheim;2012;Bezirk Frauenfeld;2011;2643
4611;Thundorf;2012;Bezirk Frauenfeld;2011;1326
4621;Warth-Weiningen;2012;Bezirk Frauenfeld;2011;1227
4641;Altnau;2013;Bezirk Kreuzlingen;2011;2065
4651;Gottlieben;2013;Bezirk Kreuzlingen;2011;315
4656;Güttingen;2013;Bezirk Kreuzlingen;2011;1446
4683;Lengwil;2013;Bezirk Kreuzlingen;2011;1414
4851;Salenstein;2013;Bezirk Kreuzlingen;2011;1255
4551;Aadorf;2014;Bezirk Münchwilen;2011;8243
4723;Braunau;2014;Bezirk Münchwilen;2011;706
4741;Lommis;2014;Bezirk Münchwilen;2011;1116
4746;Münchwilen;2014;Bezirk Münchwilen;2011;4873
4751;Rickenbach;2014;Bezirk Münchwilen;2011;2554
4891;Berg;2015;Bezirk Weinfelden;2011;3104
4901;Birwinken;2015;Bezirk Weinfelden;2011;1271
4471;Bischofszell;2015;Bezirk Weinfelden;2011;5507
4486;Hauptwil-Gottshaus;2015;Bezirk Weinfelden;2011;1820
4506;Sulgen;2015;Bezirk Weinfelden;2011;3469
4791;Wuppenau;2015;Bezirk Weinfelden;2011;1063
4511;Zihlschlacht-Sitterdorf;2015;Bezirk Weinfelden;2011;2113
4461;Amriswil;2011;Bezirk Arbon;2010;12134
4421;Horn;2011;Bezirk Arbon;2010;2599
4441;Salmsach;2011;Bezirk Arbon;2010;1303
4451;Uttwil;2011;Bezirk Arbon;2010;1751
4545;Diessenhofen;2012;Bezirk Frauenfeld;2010;3395
4566;Frauenfeld;2012;Bezirk Frauenfeld;2010;23128
4826;Mammern;2012;Bezirk Frauenfeld;2010;584
4831;Müllheim;2012;Bezirk Frauenfeld;2010;2676
4601;Neunforn;2012;Bezirk Frauenfeld;2010;968
4841;Pfyn;2012;Bezirk Frauenfeld;2010;1927
4546;Schlatt;2012;Bezirk Frauenfeld;2010;1601
4611;Thundorf;2012;Bezirk Frauenfeld;2010;1307
4646;Ermatingen;2013;Bezirk Kreuzlingen;2010;2874
4651;Gottlieben;2013;Bezirk Kreuzlingen;2010;307
4656;Güttingen;2013;Bezirk Kreuzlingen;2010;1443
4666;Kemmental;2013;Bezirk Kreuzlingen;2010;2285
4671;Kreuzlingen;2013;Bezirk Kreuzlingen;2010;19415
4691;Münsterlingen;2013;Bezirk Kreuzlingen;2010;2867
4716;Bettwiesen;2014;Bezirk Münchwilen;2010;1051
4726;Fischingen;2014;Bezirk Münchwilen;2010;2581
4746;Münchwilen;2014;Bezirk Münchwilen;2010;4765
4471;Bischofszell;2015;Bezirk Weinfelden;2010;5462
4495;Hohentannen;2015;Bezirk Weinfelden;2010;605
4756;Schönholzerswilen;2015;Bezirk Weinfelden;2010;765
4791;Wuppenau;2015;Bezirk Weinfelden;2010;1035
4406;Dozwil;2011;Bezirk Arbon;2010;640
4416;Hefenhofen;2011;Bezirk Arbon;2010;1188
4426;Kesswil;2011;Bezirk Arbon;2010;985
4431;Roggwil;2011;Bezirk Arbon;2010;2884
4436;Romanshorn;2011;Bezirk Arbon;2010;9699
4446;Sommeri;2011;Bezirk Arbon;2010;516
4801;Berlingen;2012;Bezirk Frauenfeld;2010;847
4561;Felben-Wellhausen;2012;Bezirk Frauenfeld;2010;2477
4816;Homburg;2012;Bezirk Frauenfeld;2010;1488
4590;Hüttlingen;2012;Bezirk Frauenfeld;2010;821
4864;Steckborn;2012;Bezirk Frauenfeld;2010;3497
4606;Stettfurt;2012;Bezirk Frauenfeld;2010;1112
4643;Bottighofen;2013;Bezirk Kreuzlingen;2010;2096
4681;Langrickenbach;2013;Bezirk Kreuzlingen;2010;1119
4851;Salenstein;2013;Bezirk Kreuzlingen;2010;1278
4701;Wäldi;2013;Bezirk Kreuzlingen;2010;987
4551;Aadorf;2014;Bezirk Münchwilen;2010;8047
4724;Eschlikon;2014;Bezirk Münchwilen;2010;3844
4741;Lommis;2014;Bezirk Münchwilen;2010;1101
4761;Sirnach;2014;Bezirk Münchwilen;2010;7039
4786;Wilen;2014;Bezirk Münchwilen;2010;2076
4711;Affeltrangen;2015;Bezirk Weinfelden;2010;2325
4881;Amlikon-Bissegg;2015;Bezirk Weinfelden;2010;1259
4901;Birwinken;2015;Bezirk Weinfelden;2010;1298
4911;Bürglen;2015;Bezirk Weinfelden;2010;3259
4476;Erlen;2015;Bezirk Weinfelden;2010;3176
4486;Hauptwil-Gottshaus;2015;Bezirk Weinfelden;2010;1824
4501;Kradolf-Schönenberg;2015;Bezirk Weinfelden;2010;3288
4941;Märstetten;2015;Bezirk Weinfelden;2010;2480
4946;Weinfelden;2015;Bezirk Weinfelden;2010;10333
4951;Wigoltingen;2015;Bezirk Weinfelden;2010;2155
4401;Arbon;2011;Bezirk Arbon;2010;13512
4411;Egnach;2011;Bezirk Arbon;2010;4303
4536;Basadingen-Schlattingen;2012;Bezirk Frauenfeld;2010;1694
4806;Eschenz;2012;Bezirk Frauenfeld;2010;1665
4571;Gachnang;2012;Bezirk Frauenfeld;2010;3423
4811;Herdern;2012;Bezirk Frauenfeld;2010;947
4821;Hüttwilen;2012;Bezirk Frauenfeld;2010;1496
4591;Matzingen;2012;Bezirk Frauenfeld;2010;2529
4616;Uesslingen-Buch;2012;Bezirk Frauenfeld;2010;1060
4871;Wagenhausen;2012;Bezirk Frauenfeld;2010;1619
4621;Warth-Weiningen;2012;Bezirk Frauenfeld;2010;1230
4641;Altnau;2013;Bezirk Kreuzlingen;2010;1980
4683;Lengwil;2013;Bezirk Kreuzlingen;2010;1363
4846;Raperswilen;2013;Bezirk Kreuzlingen;2010;396
4696;Tägerwilen;2013;Bezirk Kreuzlingen;2010;3926
4721;Bichelsee-Balterswil;2014;Bezirk Münchwilen;2010;2618
4723;Braunau;2014;Bezirk Münchwilen;2010;685
4751;Rickenbach;2014;Bezirk Münchwilen;2010;2470
4776;Tobel-Tägerschen;2014;Bezirk Münchwilen;2010;1382
4781;Wängi;2014;Bezirk Münchwilen;2010;4160
4891;Berg;2015;Bezirk Weinfelden;2010;3067
4921;Bussnang;2015;Bezirk Weinfelden;2010;2109
4506;Sulgen;2015;Bezirk Weinfelden;2010;3397
4511;Zihlschlacht-Sitterdorf;2015;Bezirk Weinfelden;2010;2076
4421;Horn;2011;Bezirk Arbon;2009;2584
4431;Roggwil;2011;Bezirk Arbon;2009;2872
4441;Salmsach;2011;Bezirk Arbon;2009;1296
4446;Sommeri;2011;Bezirk Arbon;2009;518
4451;Uttwil;2011;Bezirk Arbon;2009;1711
4806;Eschenz;2012;Bezirk Frauenfeld;2009;1655
4561;Felben-Wellhausen;2012;Bezirk Frauenfeld;2009;2394
4566;Frauenfeld;2012;Bezirk Frauenfeld;2009;22878
4821;Hüttwilen;2012;Bezirk Frauenfeld;2009;1450
4591;Matzingen;2012;Bezirk Frauenfeld;2009;2530
4831;Müllheim;2012;Bezirk Frauenfeld;2009;2629
4841;Pfyn;2012;Bezirk Frauenfeld;2009;1933
4864;Steckborn;2012;Bezirk Frauenfeld;2009;3461
4606;Stettfurt;2012;Bezirk Frauenfeld;2009;1099
4611;Thundorf;2012;Bezirk Frauenfeld;2009;1296
4616;Uesslingen-Buch;2012;Bezirk Frauenfeld;2009;1052
4871;Wagenhausen;2012;Bezirk Frauenfeld;2009;1603
4621;Warth-Weiningen;2012;Bezirk Frauenfeld;2009;1202
4851;Salenstein;2013;Bezirk Kreuzlingen;2009;1256
4716;Bettwiesen;2014;Bezirk Münchwilen;2009;1054
4723;Braunau;2014;Bezirk Münchwilen;2009;677
4724;Eschlikon;2014;Bezirk Münchwilen;2009;3808
4741;Lommis;2014;Bezirk Münchwilen;2009;1086
4776;Tobel-Tägerschen;2014;Bezirk Münchwilen;2009;1380
4786;Wilen;2014;Bezirk Münchwilen;2009;2056
4711;Affeltrangen;2015;Bezirk Weinfelden;2009;2288
4471;Bischofszell;2015;Bezirk Weinfelden;2009;5536
4476;Erlen;2015;Bezirk Weinfelden;2009;3135
4486;Hauptwil-Gottshaus;2015;Bezirk Weinfelden;2009;1789
4495;Hohentannen;2015;Bezirk Weinfelden;2009;593
4941;Märstetten;2015;Bezirk Weinfelden;2009;2454
4946;Weinfelden;2015;Bezirk Weinfelden;2009;10141
4406;Dozwil;2011;Bezirk Arbon;2009;608
4411;Egnach;2011;Bezirk Arbon;2009;4277
4426;Kesswil;2011;Bezirk Arbon;2009;981
4801;Berlingen;2012;Bezirk Frauenfeld;2009;839
4816;Homburg;2012;Bezirk Frauenfeld;2009;1463
4590;Hüttlingen;2012;Bezirk Frauenfeld;2009;829
4601;Neunforn;2012;Bezirk Frauenfeld;2009;986
4646;Ermatingen;2013;Bezirk Kreuzlingen;2009;2877
4651;Gottlieben;2013;Bezirk Kreuzlingen;2009;309
4666;Kemmental;2013;Bezirk Kreuzlingen;2009;2229
4671;Kreuzlingen;2013;Bezirk Kreuzlingen;2009;18933
4846;Raperswilen;2013;Bezirk Kreuzlingen;2009;402
4701;Wäldi;2013;Bezirk Kreuzlingen;2009;998
4721;Bichelsee-Balterswil;2014;Bezirk Münchwilen;2009;2575
4746;Münchwilen;2014;Bezirk Münchwilen;2009;4760
4751;Rickenbach;2014;Bezirk Münchwilen;2009;2510
4761;Sirnach;2014;Bezirk Münchwilen;2009;6929
4781;Wängi;2014;Bezirk Münchwilen;2009;4067
4891;Berg;2015;Bezirk Weinfelden;2009;3050
4901;Birwinken;2015;Bezirk Weinfelden;2009;1296
4921;Bussnang;2015;Bezirk Weinfelden;2009;2079
4911;Bürglen;2015;Bezirk Weinfelden;2009;3213
4501;Kradolf-Schönenberg;2015;Bezirk Weinfelden;2009;3307
4756;Schönholzerswilen;2015;Bezirk Weinfelden;2009;770
4951;Wigoltingen;2015;Bezirk Weinfelden;2009;2123
4791;Wuppenau;2015;Bezirk Weinfelden;2009;1021
4461;Amriswil;2011;Bezirk Arbon;2009;11894
4401;Arbon;2011;Bezirk Arbon;2009;13430
4416;Hefenhofen;2011;Bezirk Arbon;2009;1189
4436;Romanshorn;2011;Bezirk Arbon;2009;9606
4536;Basadingen-Schlattingen;2012;Bezirk Frauenfeld;2009;1699
4545;Diessenhofen;2012;Bezirk Frauenfeld;2009;3314
4571;Gachnang;2012;Bezirk Frauenfeld;2009;3423
4811;Herdern;2012;Bezirk Frauenfeld;2009;981
4826;Mammern;2012;Bezirk Frauenfeld;2009;584
4546;Schlatt;2012;Bezirk Frauenfeld;2009;1601
4641;Altnau;2013;Bezirk Kreuzlingen;2009;1981
4643;Bottighofen;2013;Bezirk Kreuzlingen;2009;2079
4656;Güttingen;2013;Bezirk Kreuzlingen;2009;1429
4681;Langrickenbach;2013;Bezirk Kreuzlingen;2009;1108
4683;Lengwil;2013;Bezirk Kreuzlingen;2009;1367
4691;Münsterlingen;2013;Bezirk Kreuzlingen;2009;2768
4696;Tägerwilen;2013;Bezirk Kreuzlingen;2009;3763
4551;Aadorf;2014;Bezirk Münchwilen;2009;7980
4726;Fischingen;2014;Bezirk Münchwilen;2009;2562
4881;Amlikon-Bissegg;2015;Bezirk Weinfelden;2009;1298
4506;Sulgen;2015;Bezirk Weinfelden;2009;3420
4511;Zihlschlacht-Sitterdorf;2015;Bezirk Weinfelden;2009;2042
4411;Egnach;2011;Bezirk Arbon;2008;4245
4416;Hefenhofen;2011;Bezirk Arbon;2008;1179
4421;Horn;2011;Bezirk Arbon;2008;2548
4451;Uttwil;2011;Bezirk Arbon;2008;1652
4566;Frauenfeld;2012;Bezirk Frauenfeld;2008;22583
4811;Herdern;2012;Bezirk Frauenfeld;2008;950
4591;Matzingen;2012;Bezirk Frauenfeld;2008;2504
4601;Neunforn;2012;Bezirk Frauenfeld;2008;956
4546;Schlatt;2012;Bezirk Frauenfeld;2008;1595
4606;Stettfurt;2012;Bezirk Frauenfeld;2008;1109
4871;Wagenhausen;2012;Bezirk Frauenfeld;2008;1611
4641;Altnau;2013;Bezirk Kreuzlingen;2008;1945
4656;Güttingen;2013;Bezirk Kreuzlingen;2008;1418
4666;Kemmental;2013;Bezirk Kreuzlingen;2008;2207
4683;Lengwil;2013;Bezirk Kreuzlingen;2008;1284
4551;Aadorf;2014;Bezirk Münchwilen;2008;7823
4716;Bettwiesen;2014;Bezirk Münchwilen;2008;1061
4723;Braunau;2014;Bezirk Münchwilen;2008;673
4741;Lommis;2014;Bezirk Münchwilen;2008;1068
4781;Wängi;2014;Bezirk Münchwilen;2008;4100
4901;Birwinken;2015;Bezirk Weinfelden;2008;1303
4911;Bürglen;2015;Bezirk Weinfelden;2008;3164
4495;Hohentannen;2015;Bezirk Weinfelden;2008;620
4501;Kradolf-Schönenberg;2015;Bezirk Weinfelden;2008;3290
4941;Märstetten;2015;Bezirk Weinfelden;2008;2429
4506;Sulgen;2015;Bezirk Weinfelden;2008;3415
4946;Weinfelden;2015;Bezirk Weinfelden;2008;9977
4406;Dozwil;2011;Bezirk Arbon;2008;573
4426;Kesswil;2011;Bezirk Arbon;2008;973
4436;Romanshorn;2011;Bezirk Arbon;2008;9455
4441;Salmsach;2011;Bezirk Arbon;2008;1290
4536;Basadingen-Schlattingen;2012;Bezirk Frauenfeld;2008;1657
4801;Berlingen;2012;Bezirk Frauenfeld;2008;830
4545;Diessenhofen;2012;Bezirk Frauenfeld;2008;3231
4806;Eschenz;2012;Bezirk Frauenfeld;2008;1632
4821;Hüttwilen;2012;Bezirk Frauenfeld;2008;1433
4826;Mammern;2012;Bezirk Frauenfeld;2008;577
4864;Steckborn;2012;Bezirk Frauenfeld;2008;3471
4643;Bottighofen;2013;Bezirk Kreuzlingen;2008;2068
4646;Ermatingen;2013;Bezirk Kreuzlingen;2008;2835
4671;Kreuzlingen;2013;Bezirk Kreuzlingen;2008;18433
4681;Langrickenbach;2013;Bezirk Kreuzlingen;2008;1117
4691;Münsterlingen;2013;Bezirk Kreuzlingen;2008;2648
4696;Tägerwilen;2013;Bezirk Kreuzlingen;2008;3712
4701;Wäldi;2013;Bezirk Kreuzlingen;2008;970
4721;Bichelsee-Balterswil;2014;Bezirk Münchwilen;2008;2531
4726;Fischingen;2014;Bezirk Münchwilen;2008;2600
4746;Münchwilen;2014;Bezirk Münchwilen;2008;4674
4751;Rickenbach;2014;Bezirk Münchwilen;2008;2502
4761;Sirnach;2014;Bezirk Münchwilen;2008;6809
4786;Wilen;2014;Bezirk Münchwilen;2008;2046
4711;Affeltrangen;2015;Bezirk Weinfelden;2008;2277
4881;Amlikon-Bissegg;2015;Bezirk Weinfelden;2008;1251
4471;Bischofszell;2015;Bezirk Weinfelden;2008;5477
4921;Bussnang;2015;Bezirk Weinfelden;2008;2079
4486;Hauptwil-Gottshaus;2015;Bezirk Weinfelden;2008;1806
4756;Schönholzerswilen;2015;Bezirk Weinfelden;2008;771
4951;Wigoltingen;2015;Bezirk Weinfelden;2008;2093
4461;Amriswil;2011;Bezirk Arbon;2008;11720
4401;Arbon;2011;Bezirk Arbon;2008;13343
4431;Roggwil;2011;Bezirk Arbon;2008;2889
4446;Sommeri;2011;Bezirk Arbon;2008;511
4561;Felben-Wellhausen;2012;Bezirk Frauenfeld;2008;2330
4571;Gachnang;2012;Bezirk Frauenfeld;2008;3362
4816;Homburg;2012;Bezirk Frauenfeld;2008;1431
4590;Hüttlingen;2012;Bezirk Frauenfeld;2008;842
4831;Müllheim;2012;Bezirk Frauenfeld;2008;2573
4841;Pfyn;2012;Bezirk Frauenfeld;2008;1925
4611;Thundorf;2012;Bezirk Frauenfeld;2008;1292
4616;Uesslingen-Buch;2012;Bezirk Frauenfeld;2008;1041
4621;Warth-Weiningen;2012;Bezirk Frauenfeld;2008;1188
4651;Gottlieben;2013;Bezirk Kreuzlingen;2008;316
4846;Raperswilen;2013;Bezirk Kreuzlingen;2008;404
4851;Salenstein;2013;Bezirk Kreuzlingen;2008;1242
4724;Eschlikon;2014;Bezirk Münchwilen;2008;3759
4776;Tobel-Tägerschen;2014;Bezirk Münchwilen;2008;1375
4891;Berg;2015;Bezirk Weinfelden;2008;3022
4476;Erlen;2015;Bezirk Weinfelden;2008;3093
4791;Wuppenau;2015;Bezirk Weinfelden;2008;1007
4511;Zihlschlacht-Sitterdorf;2015;Bezirk Weinfelden;2008;2048
4411;Egnach;2011;Bezirk Arbon;2007;4272
4416;Hefenhofen;2011;Bezirk Arbon;2007;1195
4436;Romanshorn;2011;Bezirk Arbon;2007;9292
4536;Basadingen-Schlattingen;2012;Bezirk Frauenfeld;2007;1679
4806;Eschenz;2012;Bezirk Frauenfeld;2007;1619
4811;Herdern;2012;Bezirk Frauenfeld;2007;922
4826;Mammern;2012;Bezirk Frauenfeld;2007;585
4831;Müllheim;2012;Bezirk Frauenfeld;2007;2496
4601;Neunforn;2012;Bezirk Frauenfeld;2007;933
4546;Schlatt;2012;Bezirk Frauenfeld;2007;1574
4864;Steckborn;2012;Bezirk Frauenfeld;2007;3435
4606;Stettfurt;2012;Bezirk Frauenfeld;2007;1098
4616;Uesslingen-Buch;2012;Bezirk Frauenfeld;2007;1046
4641;Altnau;2013;Bezirk Kreuzlingen;2007;1869
4651;Gottlieben;2013;Bezirk Kreuzlingen;2007;320
4666;Kemmental;2013;Bezirk Kreuzlingen;2007;2203
4671;Kreuzlingen;2013;Bezirk Kreuzlingen;2007;18133
4681;Langrickenbach;2013;Bezirk Kreuzlingen;2007;1099
4683;Lengwil;2013;Bezirk Kreuzlingen;2007;1252
4696;Tägerwilen;2013;Bezirk Kreuzlingen;2007;3640
4551;Aadorf;2014;Bezirk Münchwilen;2007;7591
4716;Bettwiesen;2014;Bezirk Münchwilen;2007;1046
4723;Braunau;2014;Bezirk Münchwilen;2007;673
4724;Eschlikon;2014;Bezirk Münchwilen;2007;3690
4711;Affeltrangen;2015;Bezirk Weinfelden;2007;2246
4501;Kradolf-Schönenberg;2015;Bezirk Weinfelden;2007;3215
4946;Weinfelden;2015;Bezirk Weinfelden;2007;9852
4951;Wigoltingen;2015;Bezirk Weinfelden;2007;2126
4461;Amriswil;2011;Bezirk Arbon;2007;11517
4401;Arbon;2011;Bezirk Arbon;2007;13118
4421;Horn;2011;Bezirk Arbon;2007;2429
4426;Kesswil;2011;Bezirk Arbon;2007;951
4431;Roggwil;2011;Bezirk Arbon;2007;2806
4441;Salmsach;2011;Bezirk Arbon;2007;1305
4446;Sommeri;2011;Bezirk Arbon;2007;497
4801;Berlingen;2012;Bezirk Frauenfeld;2007;812
4561;Felben-Wellhausen;2012;Bezirk Frauenfeld;2007;2286
4821;Hüttwilen;2012;Bezirk Frauenfeld;2007;1416
4841;Pfyn;2012;Bezirk Frauenfeld;2007;1898
4611;Thundorf;2012;Bezirk Frauenfeld;2007;1273
4871;Wagenhausen;2012;Bezirk Frauenfeld;2007;1589
4656;Güttingen;2013;Bezirk Kreuzlingen;2007;1389
4846;Raperswilen;2013;Bezirk Kreuzlingen;2007;397
4851;Salenstein;2013;Bezirk Kreuzlingen;2007;1244
4701;Wäldi;2013;Bezirk Kreuzlingen;2007;960
4721;Bichelsee-Balterswil;2014;Bezirk Münchwilen;2007;2461
4746;Münchwilen;2014;Bezirk Münchwilen;2007;4618
4761;Sirnach;2014;Bezirk Münchwilen;2007;6702
4786;Wilen;2014;Bezirk Münchwilen;2007;2029
4781;Wängi;2014;Bezirk Münchwilen;2007;4059
4901;Birwinken;2015;Bezirk Weinfelden;2007;1265
4471;Bischofszell;2015;Bezirk Weinfelden;2007;5466
4476;Erlen;2015;Bezirk Weinfelden;2007;3078
4486;Hauptwil-Gottshaus;2015;Bezirk Weinfelden;2007;1802
4495;Hohentannen;2015;Bezirk Weinfelden;2007;607
4941;Märstetten;2015;Bezirk Weinfelden;2007;2399
4756;Schönholzerswilen;2015;Bezirk Weinfelden;2007;751
4791;Wuppenau;2015;Bezirk Weinfelden;2007;1008
4511;Zihlschlacht-Sitterdorf;2015;Bezirk Weinfelden;2007;2029
4406;Dozwil;2011;Bezirk Arbon;2007;552
4451;Uttwil;2011;Bezirk Arbon;2007;1604
4545;Diessenhofen;2012;Bezirk Frauenfeld;2007;3160
4566;Frauenfeld;2012;Bezirk Frauenfeld;2007;22313
4571;Gachnang;2012;Bezirk Frauenfeld;2007;3298
4816;Homburg;2012;Bezirk Frauenfeld;2007;1433
4590;Hüttlingen;2012;Bezirk Frauenfeld;2007;837
4591;Matzingen;2012;Bezirk Frauenfeld;2007;2433
4621;Warth-Weiningen;2012;Bezirk Frauenfeld;2007;1174
4643;Bottighofen;2013;Bezirk Kreuzlingen;2007;2007
4646;Ermatingen;2013;Bezirk Kreuzlingen;2007;2705
4691;Münsterlingen;2013;Bezirk Kreuzlingen;2007;2543
4726;Fischingen;2014;Bezirk Münchwilen;2007;2569
4741;Lommis;2014;Bezirk Münchwilen;2007;1049
4751;Rickenbach;2014;Bezirk Münchwilen;2007;2451
4776;Tobel-Tägerschen;2014;Bezirk Münchwilen;2007;1351
4881;Amlikon-Bissegg;2015;Bezirk Weinfelden;2007;1223
4891;Berg;2015;Bezirk Weinfelden;2007;3058
4921;Bussnang;2015;Bezirk Weinfelden;2007;2034
4911;Bürglen;2015;Bezirk Weinfelden;2007;3092
4506;Sulgen;2015;Bezirk Weinfelden;2007;3366
